startId,endId,relationType
FILE_-1230829501,IMPORTED_66657567,IMPORT
FILE_-1230829501,IMPORTED_1815484335,IMPORT
FILE_-1230829501,IMPORTED_868115472,IMPORT
FILE_-1230829501,IMPORTED_1540240509,IMPORT
FILE_-1230829501,IMPORTED_-1505992646,IMPORT
FILE_-1230829501,IMPORTED_1095750994,IMPORT
FILE_-1230829501,IMPORTED_141732585,IMPORT
FILE_-1230829501,IMPORTED_65821278,IMPORT
FILE_-1230829501,IMPORTED_327177494,IMPORT
FILE_-1230829501,IMPORTED_-463512193,IMPORT
FILE_-1230829501,CLASS_SelectLanguageAdapter_-1230829501,CONTAINS
CLASS_SelectLanguageAdapter_-1230829501,CLASS_Adapter,EXTENDS
CLASS_SelectLanguageAdapter_-1230829501,METHOD_onCreateViewHolder_CLASS_SelectLanguageAdapter_-1230829501,HAS_METHOD
CLASS_SelectLanguageAdapter_-1230829501,METHOD_onBindViewHolder_CLASS_SelectLanguageAdapter_-1230829501,HAS_METHOD
CLASS_SelectLanguageAdapter_-1230829501,METHOD_getItemCount_CLASS_SelectLanguageAdapter_-1230829501,HAS_METHOD
CLASS_SelectLanguageAdapter_-1230829501,METHOD_onClick_CLASS_SelectLanguageAdapter_-1230829501,HAS_METHOD
CLASS_SelectLanguageAdapter_-1230829501,METHOD_onItemClick_CLASS_SelectLanguageAdapter_-1230829501,HAS_METHOD
CLASS_SelectLanguageAdapter_-1230829501,VAR_mListener_CLASS_SelectLanguageAdapter_-1230829501,HAS_FIELD
CLASS_SelectLanguageAdapter_-1230829501,VAR_mIsSelected_CLASS_SelectLanguageAdapter_-1230829501,HAS_FIELD
CLASS_SelectLanguageAdapter_-1230829501,VAR_mLanguageList_CLASS_SelectLanguageAdapter_-1230829501,HAS_FIELD
CLASS_SelectLanguageAdapter_-1230829501,VAR_mLanguage_CLASS_SelectLanguageAdapter_-1230829501,HAS_FIELD
CLASS_SelectLanguageAdapter_-1230829501,VAR_divider_CLASS_SelectLanguageAdapter_-1230829501,HAS_FIELD
FILE_-1230829501,CLASS_LanguageViewHolder_-1230829501,CONTAINS
CLASS_LanguageViewHolder_-1230829501,CLASS_ViewHolder,EXTENDS
CLASS_LanguageViewHolder_-1230829501,CLASS_OnClickListener,IMPLEMENTS
CLASS_LanguageViewHolder_-1230829501,METHOD_onClick_CLASS_LanguageViewHolder_-1230829501,HAS_METHOD
CLASS_LanguageViewHolder_-1230829501,VAR_mLanguage_CLASS_LanguageViewHolder_-1230829501,HAS_FIELD
CLASS_LanguageViewHolder_-1230829501,VAR_divider_CLASS_LanguageViewHolder_-1230829501,HAS_FIELD
FILE_-1230829501,CLASS_ItemClickListener_-1230829501,CONTAINS
CLASS_ItemClickListener_-1230829501,METHOD_onItemClick_CLASS_ItemClickListener_-1230829501,HAS_METHOD
FILE_-1451673610,IMPORTED_971916631,IMPORT
FILE_-1451673610,IMPORTED_-332107860,IMPORT
FILE_-1451673610,IMPORTED_-235797930,IMPORT
FILE_-1451673610,IMPORTED_-1079201753,IMPORT
FILE_-1451673610,IMPORTED_762246857,IMPORT
FILE_-1451673610,IMPORTED_-2031792384,IMPORT
FILE_-1451673610,IMPORTED_-532301691,IMPORT
FILE_-1451673610,IMPORTED_164967213,IMPORT
FILE_-1451673610,IMPORTED_-585250216,IMPORT
FILE_-1451673610,IMPORTED_-1511793077,IMPORT
FILE_-1451673610,IMPORTED_-1171727632,IMPORT
FILE_-1451673610,IMPORTED_1021601334,IMPORT
FILE_-1451673610,IMPORTED_1762728124,IMPORT
FILE_-1451673610,IMPORTED_-1503993957,IMPORT
FILE_-1451673610,IMPORTED_-1124425936,IMPORT
FILE_-1451673610,IMPORTED_14693064,IMPORT
FILE_-1451673610,IMPORTED_1754524719,IMPORT
FILE_-1451673610,IMPORTED_-1732020098,IMPORT
FILE_-1451673610,IMPORTED_515858019,IMPORT
FILE_-1451673610,IMPORTED_-2019115480,IMPORT
FILE_-1451673610,IMPORTED_-362261361,IMPORT
FILE_-1451673610,IMPORTED_1558765019,IMPORT
FILE_-1451673610,IMPORTED_-247374844,IMPORT
FILE_-1451673610,IMPORTED_-1114099497,IMPORT
FILE_-1451673610,IMPORTED_65821278,IMPORT
FILE_-1451673610,IMPORTED_2047841669,IMPORT
FILE_-1451673610,IMPORTED_364311722,IMPORT
FILE_-1451673610,IMPORTED_66068827,IMPORT
FILE_-1451673610,IMPORTED_-1955921164,IMPORT
FILE_-1451673610,IMPORTED_-1767605960,IMPORT
FILE_-1451673610,IMPORTED_-1981316967,IMPORT
FILE_-1451673610,IMPORTED_327177494,IMPORT
FILE_-1451673610,IMPORTED_-1876567909,IMPORT
FILE_-1451673610,IMPORTED_853755484,IMPORT
FILE_-1451673610,IMPORTED_-2093369145,IMPORT
FILE_-1451673610,IMPORTED_1408941968,IMPORT
FILE_-1451673610,IMPORTED_475800383,IMPORT
FILE_-1451673610,IMPORTED_-1098970127,IMPORT
FILE_-1451673610,IMPORTED_2119949988,IMPORT
FILE_-1451673610,IMPORTED_1457442605,IMPORT
FILE_-1451673610,IMPORTED_443960878,IMPORT
FILE_-1451673610,IMPORTED_736241667,IMPORT
FILE_-1451673610,IMPORTED_746084082,IMPORT
FILE_-1451673610,CLASS_BluetoothScanningService_-1451673610,CONTAINS
CLASS_BluetoothScanningService_-1451673610,CLASS_Service,EXTENDS
CLASS_BluetoothScanningService_-1451673610,CLASS_AdaptiveModeListener,IMPLEMENTS
CLASS_BluetoothScanningService_-1451673610,METHOD_onScanResult_CLASS_BluetoothScanningService_-1451673610,HAS_METHOD
CLASS_BluetoothScanningService_-1451673610,METHOD_onBatchScanResults_CLASS_BluetoothScanningService_-1451673610,HAS_METHOD
CLASS_BluetoothScanningService_-1451673610,METHOD_onScanFailed_CLASS_BluetoothScanningService_-1451673610,HAS_METHOD
CLASS_BluetoothScanningService_-1451673610,METHOD_onCreate_CLASS_BluetoothScanningService_-1451673610,HAS_METHOD
CLASS_BluetoothScanningService_-1451673610,METHOD_createNotificationChannel_CLASS_BluetoothScanningService_-1451673610,HAS_METHOD
CLASS_BluetoothScanningService_-1451673610,METHOD_clearList_CLASS_BluetoothScanningService_-1451673610,HAS_METHOD
CLASS_BluetoothScanningService_-1451673610,METHOD_advertiseAndScan_CLASS_BluetoothScanningService_-1451673610,HAS_METHOD
CLASS_BluetoothScanningService_-1451673610,METHOD_run_CLASS_BluetoothScanningService_-1451673610,HAS_METHOD
CLASS_BluetoothScanningService_-1451673610,METHOD_discover_CLASS_BluetoothScanningService_-1451673610,HAS_METHOD
CLASS_BluetoothScanningService_-1451673610,METHOD_storeDetectedUserDeviceInDB_CLASS_BluetoothScanningService_-1451673610,HAS_METHOD
CLASS_BluetoothScanningService_-1451673610,METHOD_onStartCommand_CLASS_BluetoothScanningService_-1451673610,HAS_METHOD
CLASS_BluetoothScanningService_-1451673610,METHOD_configureNotification_CLASS_BluetoothScanningService_-1451673610,HAS_METHOD
CLASS_BluetoothScanningService_-1451673610,METHOD_getNotification_CLASS_BluetoothScanningService_-1451673610,HAS_METHOD
CLASS_BluetoothScanningService_-1451673610,METHOD_startLocationUpdate_CLASS_BluetoothScanningService_-1451673610,HAS_METHOD
CLASS_BluetoothScanningService_-1451673610,METHOD_onBind_CLASS_BluetoothScanningService_-1451673610,HAS_METHOD
CLASS_BluetoothScanningService_-1451673610,METHOD_onDestroy_CLASS_BluetoothScanningService_-1451673610,HAS_METHOD
CLASS_BluetoothScanningService_-1451673610,METHOD_isBluetoothAvailable_CLASS_BluetoothScanningService_-1451673610,HAS_METHOD
CLASS_BluetoothScanningService_-1451673610,METHOD_registerBluetoothStateListener_CLASS_BluetoothScanningService_-1451673610,HAS_METHOD
CLASS_BluetoothScanningService_-1451673610,METHOD_registerLocationStateListener_CLASS_BluetoothScanningService_-1451673610,HAS_METHOD
CLASS_BluetoothScanningService_-1451673610,METHOD_onReceive_CLASS_BluetoothScanningService_-1451673610,HAS_METHOD
CLASS_BluetoothScanningService_-1451673610,METHOD_onReceive_CLASS_BluetoothScanningService_-1451673610,HAS_METHOD
CLASS_BluetoothScanningService_-1451673610,METHOD_updateNotification_CLASS_BluetoothScanningService_-1451673610,HAS_METHOD
CLASS_BluetoothScanningService_-1451673610,METHOD_onLowMemory_CLASS_BluetoothScanningService_-1451673610,HAS_METHOD
CLASS_BluetoothScanningService_-1451673610,METHOD_onModeChange_CLASS_BluetoothScanningService_-1451673610,HAS_METHOD
CLASS_BluetoothScanningService_-1451673610,VAR_retrieveLocationService_CLASS_BluetoothScanningService_-1451673610,HAS_FIELD
CLASS_BluetoothScanningService_-1451673610,VAR_mBluetoothLeScanner_CLASS_BluetoothScanningService_-1451673610,HAS_FIELD
CLASS_BluetoothScanningService_-1451673610,VAR_mAdaptiveScanHelper_CLASS_BluetoothScanningService_-1451673610,HAS_FIELD
CLASS_BluetoothScanningService_-1451673610,VAR_mData_CLASS_BluetoothScanningService_-1451673610,HAS_FIELD
CLASS_BluetoothScanningService_-1451673610,VAR_FIVE_MINUTES_CLASS_BluetoothScanningService_-1451673610,HAS_FIELD
CLASS_BluetoothScanningService_-1451673610,VAR_searchTimestamp_CLASS_BluetoothScanningService_-1451673610,HAS_FIELD
CLASS_BluetoothScanningService_-1451673610,VAR_mGattServer_CLASS_BluetoothScanningService_-1451673610,HAS_FIELD
CLASS_BluetoothScanningService_-1451673610,VAR_NOTIF_ID_CLASS_BluetoothScanningService_-1451673610,HAS_FIELD
CLASS_BluetoothScanningService_-1451673610,VAR_TAG_CLASS_BluetoothScanningService_-1451673610,HAS_FIELD
CLASS_BluetoothScanningService_-1451673610,VAR_mScanCallback_CLASS_BluetoothScanningService_-1451673610,HAS_FIELD
CLASS_BluetoothScanningService_-1451673610,VAR_serviceRunning_CLASS_BluetoothScanningService_-1451673610,HAS_FIELD
CLASS_BluetoothScanningService_-1451673610,VAR_timer_CLASS_BluetoothScanningService_-1451673610,HAS_FIELD
CLASS_BluetoothScanningService_-1451673610,VAR_mLocationChangeListener_CLASS_BluetoothScanningService_-1451673610,HAS_FIELD
CLASS_BluetoothScanningService_-1451673610,VAR_mBluetoothStatusChangeReceiver_CLASS_BluetoothScanningService_-1451673610,HAS_FIELD
FILE_1104094693,IMPORTED_-1503993957,IMPORT
FILE_1104094693,IMPORTED_-1505992646,IMPORT
FILE_1104094693,IMPORTED_-1689980266,IMPORT
FILE_1104094693,IMPORTED_1466486048,IMPORT
FILE_1104094693,IMPORTED_-249877877,IMPORT
FILE_1104094693,CLASS_UploadDataToServerWorker_1104094693,CONTAINS
CLASS_UploadDataToServerWorker_1104094693,CLASS_Worker,EXTENDS
CLASS_UploadDataToServerWorker_1104094693,METHOD_doWork_CLASS_UploadDataToServerWorker_1104094693,HAS_METHOD
FILE_-1869100218,IMPORTED_735120228,IMPORT
FILE_-1869100218,IMPORTED_-1503993957,IMPORT
FILE_-1869100218,IMPORTED_1754524719,IMPORT
FILE_-1869100218,IMPORTED_-1732020098,IMPORT
FILE_-1869100218,IMPORTED_-1505992646,IMPORT
FILE_-1869100218,IMPORTED_-1089721634,IMPORT
FILE_-1869100218,IMPORTED_-1214444732,IMPORT
FILE_-1869100218,IMPORTED_1515148088,IMPORT
FILE_-1869100218,IMPORTED_-1486536156,IMPORT
FILE_-1869100218,IMPORTED_-1547435333,IMPORT
FILE_-1869100218,IMPORTED_65821278,IMPORT
FILE_-1869100218,IMPORTED_489158665,IMPORT
FILE_-1869100218,IMPORTED_172992121,IMPORT
FILE_-1869100218,IMPORTED_2119949988,IMPORT
FILE_-1869100218,CLASS_CoronaApplication_-1869100218,CONTAINS
CLASS_CoronaApplication_-1869100218,CLASS_Application,EXTENDS
CLASS_CoronaApplication_-1869100218,CLASS_Provider,IMPLEMENTS
CLASS_CoronaApplication_-1869100218,METHOD_getInstance_CLASS_CoronaApplication_-1869100218,HAS_METHOD
CLASS_CoronaApplication_-1869100218,METHOD_onCreate_CLASS_CoronaApplication_-1869100218,HAS_METHOD
CLASS_CoronaApplication_-1869100218,METHOD_setBestLocation_CLASS_CoronaApplication_-1869100218,HAS_METHOD
CLASS_CoronaApplication_-1869100218,METHOD_getAppLastLocation_CLASS_CoronaApplication_-1869100218,HAS_METHOD
CLASS_CoronaApplication_-1869100218,METHOD_getDeviceLastKnownLocation_CLASS_CoronaApplication_-1869100218,HAS_METHOD
CLASS_CoronaApplication_-1869100218,METHOD_warmUpLocation_CLASS_CoronaApplication_-1869100218,HAS_METHOD
CLASS_CoronaApplication_-1869100218,METHOD_getContext_CLASS_CoronaApplication_-1869100218,HAS_METHOD
CLASS_CoronaApplication_-1869100218,METHOD_getWorkManagerConfiguration_CLASS_CoronaApplication_-1869100218,HAS_METHOD
CLASS_CoronaApplication_-1869100218,VAR_instance_CLASS_CoronaApplication_-1869100218,HAS_FIELD
CLASS_CoronaApplication_-1869100218,VAR_lastKnownLocation_CLASS_CoronaApplication_-1869100218,HAS_FIELD
FILE_371712056,IMPORTED_64536644,IMPORT
FILE_371712056,IMPORTED_-1530481735,IMPORT
FILE_371712056,IMPORTED_-1378815801,IMPORT
FILE_371712056,IMPORTED_1902768378,IMPORT
FILE_371712056,IMPORTED_1408941968,IMPORT
FILE_371712056,IMPORTED_65821278,IMPORT
FILE_371712056,IMPORTED_1408941968,IMPORT
FILE_371712056,CLASS_BluetoothDataDao_371712056,CONTAINS
CLASS_BluetoothDataDao_371712056,METHOD_insertNearbyUser_CLASS_BluetoothDataDao_371712056,HAS_METHOD
CLASS_BluetoothDataDao_371712056,METHOD_insertAllNearbyUsers_CLASS_BluetoothDataDao_371712056,HAS_METHOD
CLASS_BluetoothDataDao_371712056,METHOD_getAllNearbyDevices_CLASS_BluetoothDataDao_371712056,HAS_METHOD
CLASS_BluetoothDataDao_371712056,METHOD_getRowCount_CLASS_BluetoothDataDao_371712056,HAS_METHOD
CLASS_BluetoothDataDao_371712056,METHOD_getFirstXNearbyDeviceInfo_CLASS_BluetoothDataDao_371712056,HAS_METHOD
CLASS_BluetoothDataDao_371712056,METHOD_getXNearbyDeviceInfoWithOffset_CLASS_BluetoothDataDao_371712056,HAS_METHOD
CLASS_BluetoothDataDao_371712056,METHOD_deleteXDaysOldData_CLASS_BluetoothDataDao_371712056,HAS_METHOD
CLASS_BluetoothDataDao_371712056,METHOD_deleteAll_CLASS_BluetoothDataDao_371712056,HAS_METHOD
FILE_1564821589,IMPORTED_1408941968,IMPORT
FILE_1564821589,IMPORTED_-50082483,IMPORT
FILE_1564821589,IMPORTED_-1552556858,IMPORT
FILE_1564821589,IMPORTED_65821278,IMPORT
FILE_1564821589,IMPORTED_815902476,IMPORT
FILE_1564821589,IMPORTED_462790736,IMPORT
FILE_1564821589,IMPORTED_-2026359096,IMPORT
FILE_1564821589,CLASS_DBManager_1564821589,CONTAINS
CLASS_DBManager_1564821589,METHOD_insertNearbyDetectedDeviceInfo_CLASS_DBManager_1564821589,HAS_METHOD
CLASS_DBManager_1564821589,METHOD_insertNearbyDetectedDeviceInfo_CLASS_DBManager_1564821589,HAS_METHOD
CLASS_DBManager_1564821589,VAR_numCores_CLASS_DBManager_1564821589,HAS_FIELD
CLASS_DBManager_1564821589,VAR_executor_CLASS_DBManager_1564821589,HAS_FIELD
FILE_2109509737,IMPORTED_-1503993957,IMPORT
FILE_2109509737,IMPORTED_-1505992646,IMPORT
FILE_2109509737,IMPORTED_-944376823,IMPORT
FILE_2109509737,IMPORTED_2001066601,IMPORT
FILE_2109509737,IMPORTED_-413083900,IMPORT
FILE_2109509737,IMPORTED_-595803552,IMPORT
FILE_2109509737,IMPORTED_720396131,IMPORT
FILE_2109509737,IMPORTED_-1767605960,IMPORT
FILE_2109509737,IMPORTED_-539809494,IMPORT
FILE_2109509737,IMPORTED_1408941968,IMPORT
FILE_2109509737,CLASS_FightCovidDB_2109509737,CONTAINS
CLASS_FightCovidDB_2109509737,CLASS_RoomDatabase,EXTENDS
CLASS_FightCovidDB_2109509737,METHOD_getInstance_CLASS_FightCovidDB_2109509737,HAS_METHOD
CLASS_FightCovidDB_2109509737,METHOD_buildDatabase_CLASS_FightCovidDB_2109509737,HAS_METHOD
CLASS_FightCovidDB_2109509737,METHOD_onCreate_CLASS_FightCovidDB_2109509737,HAS_METHOD
CLASS_FightCovidDB_2109509737,METHOD_migrate_CLASS_FightCovidDB_2109509737,HAS_METHOD
CLASS_FightCovidDB_2109509737,METHOD_migrate_CLASS_FightCovidDB_2109509737,HAS_METHOD
CLASS_FightCovidDB_2109509737,METHOD_getBluetoothDataDao_CLASS_FightCovidDB_2109509737,HAS_METHOD
CLASS_FightCovidDB_2109509737,VAR_sInstance_CLASS_FightCovidDB_2109509737,HAS_FIELD
CLASS_FightCovidDB_2109509737,VAR_DATABASE_NAME_CLASS_FightCovidDB_2109509737,HAS_FIELD
CLASS_FightCovidDB_2109509737,VAR_MIGRATION_1_2_CLASS_FightCovidDB_2109509737,HAS_FIELD
CLASS_FightCovidDB_2109509737,VAR_MIGRATION_2_3_CLASS_FightCovidDB_2109509737,HAS_FIELD
FILE_2052546297,IMPORTED_971916631,IMPORT
FILE_2052546297,IMPORTED_-1079201753,IMPORT
FILE_2052546297,IMPORTED_-2031792384,IMPORT
FILE_2052546297,IMPORTED_-1124425936,IMPORT
FILE_2052546297,IMPORTED_515858019,IMPORT
FILE_2052546297,IMPORTED_-1440200382,IMPORT
FILE_2052546297,IMPORTED_-1505992646,IMPORT
FILE_2052546297,IMPORTED_-247374844,IMPORT
FILE_2052546297,IMPORTED_1943378637,IMPORT
FILE_2052546297,IMPORTED_663870722,IMPORT
FILE_2052546297,IMPORTED_1504674974,IMPORT
FILE_2052546297,IMPORTED_-1098970127,IMPORT
FILE_2052546297,IMPORTED_2119949988,IMPORT
FILE_2052546297,IMPORTED_-249877877,IMPORT
FILE_2052546297,IMPORTED_746084082,IMPORT
FILE_2052546297,IMPORTED_956013985,IMPORT
FILE_2052546297,IMPORTED_654570008,IMPORT
FILE_2052546297,IMPORTED_-1383349348,IMPORT
FILE_2052546297,CLASS_FcmMessagingService_2052546297,CONTAINS
CLASS_FcmMessagingService_2052546297,CLASS_FirebaseMessagingService,EXTENDS
CLASS_FcmMessagingService_2052546297,METHOD_onNewToken_CLASS_FcmMessagingService_2052546297,HAS_METHOD
CLASS_FcmMessagingService_2052546297,METHOD_onMessageReceived_CLASS_FcmMessagingService_2052546297,HAS_METHOD
CLASS_FcmMessagingService_2052546297,METHOD_pushDataToServer_CLASS_FcmMessagingService_2052546297,HAS_METHOD
CLASS_FcmMessagingService_2052546297,METHOD_showNotification_CLASS_FcmMessagingService_2052546297,HAS_METHOD
CLASS_FcmMessagingService_2052546297,METHOD_getContentText_CLASS_FcmMessagingService_2052546297,HAS_METHOD
CLASS_FcmMessagingService_2052546297,METHOD_getContentTitle_CLASS_FcmMessagingService_2052546297,HAS_METHOD
CLASS_FcmMessagingService_2052546297,METHOD_setBluetoothName_CLASS_FcmMessagingService_2052546297,HAS_METHOD
CLASS_FcmMessagingService_2052546297,VAR_NOTIFICATION_ID_CLASS_FcmMessagingService_2052546297,HAS_FIELD
FILE_-2089630623,IMPORTED_-2031792384,IMPORT
FILE_-2089630623,IMPORTED_-532301691,IMPORT
FILE_-2089630623,IMPORTED_1022994121,IMPORT
FILE_-2089630623,IMPORTED_-146451922,IMPORT
FILE_-2089630623,IMPORTED_1132585156,IMPORT
FILE_-2089630623,IMPORTED_1430795180,IMPORT
FILE_-2089630623,IMPORTED_-46023842,IMPORT
FILE_-2089630623,IMPORTED_-1190709926,IMPORT
FILE_-2089630623,IMPORTED_-1171727632,IMPORT
FILE_-2089630623,IMPORTED_1762728124,IMPORT
FILE_-2089630623,IMPORTED_-1503993957,IMPORT
FILE_-2089630623,IMPORTED_-1124425936,IMPORT
FILE_-2089630623,IMPORTED_14693064,IMPORT
FILE_-2089630623,IMPORTED_1754524719,IMPORT
FILE_-2089630623,IMPORTED_515858019,IMPORT
FILE_-2089630623,IMPORTED_-457006612,IMPORT
FILE_-2089630623,IMPORTED_-1114099497,IMPORT
FILE_-2089630623,IMPORTED_65821278,IMPORT
FILE_-2089630623,IMPORTED_66068827,IMPORT
FILE_-2089630623,IMPORTED_-1876567909,IMPORT
FILE_-2089630623,IMPORTED_1408941968,IMPORT
FILE_-2089630623,IMPORTED_443960878,IMPORT
FILE_-2089630623,IMPORTED_736241667,IMPORT
FILE_-2089630623,IMPORTED_1090736440,IMPORT
FILE_-2089630623,IMPORTED_-545894831,IMPORT
FILE_-2089630623,CLASS_GattClient_-2089630623,CONTAINS
CLASS_GattClient_-2089630623,METHOD_onConnectionStateChange_CLASS_GattClient_-2089630623,HAS_METHOD
CLASS_GattClient_-2089630623,METHOD_onServicesDiscovered_CLASS_GattClient_-2089630623,HAS_METHOD
CLASS_GattClient_-2089630623,METHOD_requestCharacteristics_CLASS_GattClient_-2089630623,HAS_METHOD
CLASS_GattClient_-2089630623,METHOD_onCharacteristicRead_CLASS_GattClient_-2089630623,HAS_METHOD
CLASS_GattClient_-2089630623,METHOD_readCounterCharacteristic_CLASS_GattClient_-2089630623,HAS_METHOD
CLASS_GattClient_-2089630623,METHOD_storeDetectedUserDeviceInDB_CLASS_GattClient_-2089630623,HAS_METHOD
CLASS_GattClient_-2089630623,METHOD_onReceive_CLASS_GattClient_-2089630623,HAS_METHOD
CLASS_GattClient_-2089630623,METHOD_onCreate_CLASS_GattClient_-2089630623,HAS_METHOD
CLASS_GattClient_-2089630623,METHOD_configureClient_CLASS_GattClient_-2089630623,HAS_METHOD
CLASS_GattClient_-2089630623,METHOD_registerReceiver_CLASS_GattClient_-2089630623,HAS_METHOD
CLASS_GattClient_-2089630623,METHOD_startClient_CLASS_GattClient_-2089630623,HAS_METHOD
CLASS_GattClient_-2089630623,METHOD_stopClient_CLASS_GattClient_-2089630623,HAS_METHOD
CLASS_GattClient_-2089630623,METHOD_onDestroy_CLASS_GattClient_-2089630623,HAS_METHOD
CLASS_GattClient_-2089630623,VAR_TAG_CLASS_GattClient_-2089630623,HAS_FIELD
CLASS_GattClient_-2089630623,VAR_mBluetoothGatt_CLASS_GattClient_-2089630623,HAS_FIELD
CLASS_GattClient_-2089630623,VAR_mDevice_CLASS_GattClient_-2089630623,HAS_FIELD
CLASS_GattClient_-2089630623,VAR_txPower_CLASS_GattClient_-2089630623,HAS_FIELD
CLASS_GattClient_-2089630623,VAR_mRssi_CLASS_GattClient_-2089630623,HAS_FIELD
CLASS_GattClient_-2089630623,VAR_txPowerLevel_CLASS_GattClient_-2089630623,HAS_FIELD
CLASS_GattClient_-2089630623,VAR_chars_CLASS_GattClient_-2089630623,HAS_FIELD
CLASS_GattClient_-2089630623,VAR_mContext_CLASS_GattClient_-2089630623,HAS_FIELD
CLASS_GattClient_-2089630623,VAR_mBluetoothManager_CLASS_GattClient_-2089630623,HAS_FIELD
CLASS_GattClient_-2089630623,VAR_mBluetoothAdapter_CLASS_GattClient_-2089630623,HAS_FIELD
CLASS_GattClient_-2089630623,VAR_mGattCallback_CLASS_GattClient_-2089630623,HAS_FIELD
CLASS_GattClient_-2089630623,VAR_mBluetoothReceiver_CLASS_GattClient_-2089630623,HAS_FIELD
FILE_1620440041,IMPORTED_-2031792384,IMPORT
FILE_1620440041,IMPORTED_-532301691,IMPORT
FILE_1620440041,IMPORTED_1022994121,IMPORT
FILE_1620440041,IMPORTED_1132585156,IMPORT
FILE_1620440041,IMPORTED_1154533228,IMPORT
FILE_1620440041,IMPORTED_764354513,IMPORT
FILE_1620440041,IMPORTED_1430795180,IMPORT
FILE_1620440041,IMPORTED_-46023842,IMPORT
FILE_1620440041,IMPORTED_-1190709926,IMPORT
FILE_1620440041,IMPORTED_871539414,IMPORT
FILE_1620440041,IMPORTED_82272955,IMPORT
FILE_1620440041,IMPORTED_-1816576332,IMPORT
FILE_1620440041,IMPORTED_1500372380,IMPORT
FILE_1620440041,IMPORTED_-1503993957,IMPORT
FILE_1620440041,IMPORTED_-362261361,IMPORT
FILE_1620440041,IMPORTED_-1440200382,IMPORT
FILE_1620440041,IMPORTED_66068827,IMPORT
FILE_1620440041,IMPORTED_1906598162,IMPORT
FILE_1620440041,IMPORTED_663870722,IMPORT
FILE_1620440041,IMPORTED_1504674974,IMPORT
FILE_1620440041,IMPORTED_-240999575,IMPORT
FILE_1620440041,IMPORTED_-1098970127,IMPORT
FILE_1620440041,IMPORTED_2119949988,IMPORT
FILE_1620440041,IMPORTED_1457442605,IMPORT
FILE_1620440041,IMPORTED_443960878,IMPORT
FILE_1620440041,CLASS_GattServer_1620440041,CONTAINS
CLASS_GattServer_1620440041,METHOD_onStartSuccess_CLASS_GattServer_1620440041,HAS_METHOD
CLASS_GattServer_1620440041,METHOD_onStartFailure_CLASS_GattServer_1620440041,HAS_METHOD
CLASS_GattServer_1620440041,METHOD_onConnectionStateChange_CLASS_GattServer_1620440041,HAS_METHOD
CLASS_GattServer_1620440041,METHOD_onCharacteristicReadRequest_CLASS_GattServer_1620440041,HAS_METHOD
CLASS_GattServer_1620440041,METHOD_onCreate_CLASS_GattServer_1620440041,HAS_METHOD
CLASS_GattServer_1620440041,METHOD_advertise_CLASS_GattServer_1620440041,HAS_METHOD
CLASS_GattServer_1620440041,METHOD_startAdvertising_CLASS_GattServer_1620440041,HAS_METHOD
CLASS_GattServer_1620440041,METHOD_addGattService_CLASS_GattServer_1620440041,HAS_METHOD
CLASS_GattServer_1620440041,METHOD_createGattService_CLASS_GattServer_1620440041,HAS_METHOD
CLASS_GattServer_1620440041,METHOD_onDestroy_CLASS_GattServer_1620440041,HAS_METHOD
CLASS_GattServer_1620440041,METHOD_stopServer_CLASS_GattServer_1620440041,HAS_METHOD
CLASS_GattServer_1620440041,METHOD_isServerStarted_CLASS_GattServer_1620440041,HAS_METHOD
CLASS_GattServer_1620440041,METHOD_stopAdvertising_CLASS_GattServer_1620440041,HAS_METHOD
CLASS_GattServer_1620440041,VAR_TAG_CLASS_GattServer_1620440041,HAS_FIELD
CLASS_GattServer_1620440041,VAR_mContext_CLASS_GattServer_1620440041,HAS_FIELD
CLASS_GattServer_1620440041,VAR_advertiser_CLASS_GattServer_1620440041,HAS_FIELD
CLASS_GattServer_1620440041,VAR_mBluetoothGattServer_CLASS_GattServer_1620440041,HAS_FIELD
CLASS_GattServer_1620440041,VAR_mBluetoothManager_CLASS_GattServer_1620440041,HAS_FIELD
CLASS_GattServer_1620440041,VAR_advertisingCallback_CLASS_GattServer_1620440041,HAS_FIELD
CLASS_GattServer_1620440041,VAR_mGattServerCallback_CLASS_GattServer_1620440041,HAS_FIELD
FILE_406182704,CLASS_QrCodeListener_406182704,CONTAINS
CLASS_QrCodeListener_406182704,METHOD_onQrCodeFetched_CLASS_QrCodeListener_406182704,HAS_METHOD
CLASS_QrCodeListener_406182704,METHOD_onFailure_CLASS_QrCodeListener_406182704,HAS_METHOD
FILE_201781029,CLASS_QrPublicKeyListener_201781029,CONTAINS
CLASS_QrPublicKeyListener_201781029,METHOD_onQrPublicKeyFetched_CLASS_QrPublicKeyListener_201781029,HAS_METHOD
CLASS_QrPublicKeyListener_201781029,METHOD_onPublicKeyFetchFailure_CLASS_QrPublicKeyListener_201781029,HAS_METHOD
FILE_1435309270,IMPORTED_-1503993957,IMPORT
FILE_1435309270,IMPORTED_-798756076,IMPORT
FILE_1435309270,IMPORTED_29162307,IMPORT
FILE_1435309270,IMPORTED_663870722,IMPORT
FILE_1435309270,IMPORTED_1504674974,IMPORT
FILE_1435309270,IMPORTED_-1165211622,IMPORT
FILE_1435309270,IMPORTED_-2099168378,IMPORT
FILE_1435309270,CLASS_LocaleManager_1435309270,CONTAINS
CLASS_LocaleManager_1435309270,METHOD_setNewLocale_CLASS_LocaleManager_1435309270,HAS_METHOD
CLASS_LocaleManager_1435309270,METHOD_getLanguage_CLASS_LocaleManager_1435309270,HAS_METHOD
CLASS_LocaleManager_1435309270,METHOD_updateResources_CLASS_LocaleManager_1435309270,HAS_METHOD
FILE_-1420379776,IMPORTED_515858019,IMPORT
FILE_-1420379776,IMPORTED_-807761870,IMPORT
FILE_-1420379776,IMPORTED_-1493298703,IMPORT
FILE_-1420379776,IMPORTED_-1385419808,IMPORT
FILE_-1420379776,IMPORTED_23115787,IMPORT
FILE_-1420379776,IMPORTED_487331259,IMPORT
FILE_-1420379776,IMPORTED_2119949988,IMPORT
FILE_-1420379776,IMPORTED_1666766019,IMPORT
FILE_-1420379776,IMPORTED_-1544588727,IMPORT
FILE_-1420379776,IMPORTED_-1575482444,IMPORT
FILE_-1420379776,IMPORTED_-2010664371,IMPORT
FILE_-1420379776,IMPORTED_-577818432,IMPORT
FILE_-1420379776,IMPORTED_-503370555,IMPORT
FILE_-1420379776,IMPORTED_-1532962645,IMPORT
FILE_-1420379776,IMPORTED_94222506,IMPORT
FILE_-1420379776,IMPORTED_1944711188,IMPORT
FILE_-1420379776,IMPORTED_-2002908615,IMPORT
FILE_-1420379776,IMPORTED_-486574496,IMPORT
FILE_-1420379776,IMPORTED_1001106496,IMPORT
FILE_-1420379776,IMPORTED_-861027074,IMPORT
FILE_-1420379776,IMPORTED_-719545618,IMPORT
FILE_-1420379776,IMPORTED_-2054893278,IMPORT
FILE_-1420379776,IMPORTED_1666101659,IMPORT
FILE_-1420379776,CLASS_BluetoothData_-1420379776,CONTAINS
CLASS_BluetoothData_-1420379776,METHOD_setEncLatitute_CLASS_BluetoothData_-1420379776,HAS_METHOD
CLASS_BluetoothData_-1420379776,METHOD_setEncLongitude_CLASS_BluetoothData_-1420379776,HAS_METHOD
CLASS_BluetoothData_-1420379776,METHOD_getBluetoothMacAddress_CLASS_BluetoothData_-1420379776,HAS_METHOD
CLASS_BluetoothData_-1420379776,METHOD_setBluetoothMacAddress_CLASS_BluetoothData_-1420379776,HAS_METHOD
CLASS_BluetoothData_-1420379776,METHOD_getDistance_CLASS_BluetoothData_-1420379776,HAS_METHOD
CLASS_BluetoothData_-1420379776,METHOD_setDistance_CLASS_BluetoothData_-1420379776,HAS_METHOD
CLASS_BluetoothData_-1420379776,METHOD_getId_CLASS_BluetoothData_-1420379776,HAS_METHOD
CLASS_BluetoothData_-1420379776,METHOD_setId_CLASS_BluetoothData_-1420379776,HAS_METHOD
CLASS_BluetoothData_-1420379776,METHOD_getLatitudeenc_CLASS_BluetoothData_-1420379776,HAS_METHOD
CLASS_BluetoothData_-1420379776,METHOD_setLatitudeenc_CLASS_BluetoothData_-1420379776,HAS_METHOD
CLASS_BluetoothData_-1420379776,METHOD_getLongitudeenc_CLASS_BluetoothData_-1420379776,HAS_METHOD
CLASS_BluetoothData_-1420379776,METHOD_setLongitudeenc_CLASS_BluetoothData_-1420379776,HAS_METHOD
CLASS_BluetoothData_-1420379776,METHOD_getTimeStamp_CLASS_BluetoothData_-1420379776,HAS_METHOD
CLASS_BluetoothData_-1420379776,METHOD_setTimeStamp_CLASS_BluetoothData_-1420379776,HAS_METHOD
CLASS_BluetoothData_-1420379776,METHOD_getLatitude_CLASS_BluetoothData_-1420379776,HAS_METHOD
CLASS_BluetoothData_-1420379776,METHOD_setLatitude_CLASS_BluetoothData_-1420379776,HAS_METHOD
CLASS_BluetoothData_-1420379776,METHOD_getLongitude_CLASS_BluetoothData_-1420379776,HAS_METHOD
CLASS_BluetoothData_-1420379776,METHOD_setLongitude_CLASS_BluetoothData_-1420379776,HAS_METHOD
CLASS_BluetoothData_-1420379776,METHOD_getTxPower_CLASS_BluetoothData_-1420379776,HAS_METHOD
CLASS_BluetoothData_-1420379776,METHOD_setTxPower_CLASS_BluetoothData_-1420379776,HAS_METHOD
CLASS_BluetoothData_-1420379776,METHOD_getTxPowerLevel_CLASS_BluetoothData_-1420379776,HAS_METHOD
CLASS_BluetoothData_-1420379776,METHOD_setTxPowerLevel_CLASS_BluetoothData_-1420379776,HAS_METHOD
CLASS_BluetoothData_-1420379776,VAR_id_CLASS_BluetoothData_-1420379776,HAS_FIELD
CLASS_BluetoothData_-1420379776,VAR_bluetoothMacAddress_CLASS_BluetoothData_-1420379776,HAS_FIELD
CLASS_BluetoothData_-1420379776,VAR_distance_CLASS_BluetoothData_-1420379776,HAS_FIELD
CLASS_BluetoothData_-1420379776,VAR_txPower_CLASS_BluetoothData_-1420379776,HAS_FIELD
CLASS_BluetoothData_-1420379776,VAR_txPowerLevel_CLASS_BluetoothData_-1420379776,HAS_FIELD
CLASS_BluetoothData_-1420379776,VAR_latitude_CLASS_BluetoothData_-1420379776,HAS_FIELD
CLASS_BluetoothData_-1420379776,VAR_longitude_CLASS_BluetoothData_-1420379776,HAS_FIELD
CLASS_BluetoothData_-1420379776,VAR_latitudeenc_CLASS_BluetoothData_-1420379776,HAS_FIELD
CLASS_BluetoothData_-1420379776,VAR_longitudeenc_CLASS_BluetoothData_-1420379776,HAS_FIELD
CLASS_BluetoothData_-1420379776,VAR_timeStamp_CLASS_BluetoothData_-1420379776,HAS_FIELD
FILE_329303117,IMPORTED_-1544588727,IMPORT
FILE_329303117,IMPORTED_-1575482444,IMPORT
FILE_329303117,IMPORTED_65821278,IMPORT
FILE_329303117,IMPORTED_-1098970127,IMPORT
FILE_329303117,CLASS_BulkDataObject_329303117,CONTAINS
CLASS_BulkDataObject_329303117,METHOD_getD_CLASS_BulkDataObject_329303117,HAS_METHOD
CLASS_BulkDataObject_329303117,METHOD_setD_CLASS_BulkDataObject_329303117,HAS_METHOD
CLASS_BulkDataObject_329303117,METHOD_getData_CLASS_BulkDataObject_329303117,HAS_METHOD
CLASS_BulkDataObject_329303117,METHOD_setData_CLASS_BulkDataObject_329303117,HAS_METHOD
CLASS_BulkDataObject_329303117,METHOD_getUploadType_CLASS_BulkDataObject_329303117,HAS_METHOD
CLASS_BulkDataObject_329303117,METHOD_setUploadType_CLASS_BulkDataObject_329303117,HAS_METHOD
CLASS_BulkDataObject_329303117,VAR_d_CLASS_BulkDataObject_329303117,HAS_FIELD
CLASS_BulkDataObject_329303117,VAR_uploadType_CLASS_BulkDataObject_329303117,HAS_FIELD
CLASS_BulkDataObject_329303117,VAR_data_CLASS_BulkDataObject_329303117,HAS_FIELD
FILE_-634176843,IMPORTED_569909688,IMPORT
FILE_-634176843,IMPORTED_1896892294,IMPORT
FILE_-634176843,IMPORTED_-703586029,IMPORT
FILE_-634176843,IMPORTED_-1666545889,IMPORT
FILE_-634176843,CLASS_Converters_-634176843,CONTAINS
CLASS_Converters_-634176843,METHOD_fromString_CLASS_Converters_-634176843,HAS_METHOD
CLASS_Converters_-634176843,METHOD_fromArrayList_CLASS_Converters_-634176843,HAS_METHOD
FILE_-1803754062,IMPORTED_-1114099497,IMPORT
FILE_-1803754062,IMPORTED_65821278,IMPORT
FILE_-1803754062,IMPORTED_-1544588727,IMPORT
FILE_-1803754062,IMPORTED_-1575482444,IMPORT
FILE_-1803754062,CLASS_DataPoint_-1803754062,CONTAINS
CLASS_DataPoint_-1803754062,VAR_ts_CLASS_DataPoint_-1803754062,HAS_FIELD
CLASS_DataPoint_-1803754062,VAR_locationObject_CLASS_DataPoint_-1803754062,HAS_FIELD
CLASS_DataPoint_-1803754062,VAR_dl_CLASS_DataPoint_-1803754062,HAS_FIELD
FILE_219576864,IMPORTED_-1544588727,IMPORT
FILE_219576864,IMPORTED_-1575482444,IMPORT
FILE_219576864,CLASS_Dl_219576864,CONTAINS
CLASS_Dl_219576864,METHOD_getD_CLASS_Dl_219576864,HAS_METHOD
CLASS_Dl_219576864,METHOD_setD_CLASS_Dl_219576864,HAS_METHOD
CLASS_Dl_219576864,VAR_d_CLASS_Dl_219576864,HAS_FIELD
CLASS_Dl_219576864,VAR_dist_CLASS_Dl_219576864,HAS_FIELD
CLASS_Dl_219576864,VAR_txLevel_CLASS_Dl_219576864,HAS_FIELD
CLASS_Dl_219576864,VAR_txPower_CLASS_Dl_219576864,HAS_FIELD
FILE_-913938191,CLASS_LanguageDTO_-913938191,CONTAINS
CLASS_LanguageDTO_-913938191,METHOD_getLanguageCode_CLASS_LanguageDTO_-913938191,HAS_METHOD
CLASS_LanguageDTO_-913938191,METHOD_getLanguageTitle_CLASS_LanguageDTO_-913938191,HAS_METHOD
CLASS_LanguageDTO_-913938191,VAR_mLanguageCode_CLASS_LanguageDTO_-913938191,HAS_FIELD
CLASS_LanguageDTO_-913938191,VAR_mLanguageTitle_CLASS_LanguageDTO_-913938191,HAS_FIELD
FILE_2126139092,IMPORTED_-1544588727,IMPORT
FILE_2126139092,IMPORTED_-1575482444,IMPORT
FILE_2126139092,CLASS_LocationObject_2126139092,CONTAINS
CLASS_LocationObject_2126139092,VAR_lat_CLASS_LocationObject_2126139092,HAS_FIELD
CLASS_LocationObject_2126139092,VAR_lon_CLASS_LocationObject_2126139092,HAS_FIELD
FILE_-356280622,IMPORTED_-1544588727,IMPORT
FILE_-356280622,IMPORTED_-1575482444,IMPORT
FILE_-356280622,CLASS_FCMTokenObject_-356280622,CONTAINS
CLASS_FCMTokenObject_-356280622,VAR_ft_CLASS_FCMTokenObject_-356280622,HAS_FIELD
FILE_489131056,CLASS_GenerateOTP_489131056,CONTAINS
CLASS_GenerateOTP_489131056,VAR_primaryId_CLASS_GenerateOTP_489131056,HAS_FIELD
FILE_1340178410,IMPORTED_1754524719,IMPORT
FILE_1340178410,IMPORTED_-1767605960,IMPORT
FILE_1340178410,IMPORTED_-1544588727,IMPORT
FILE_1340178410,IMPORTED_-1575482444,IMPORT
FILE_1340178410,CLASS_RegisterationData_1340178410,CONTAINS
CLASS_RegisterationData_1340178410,METHOD_getLat_CLASS_RegisterationData_1340178410,HAS_METHOD
CLASS_RegisterationData_1340178410,METHOD_getLon_CLASS_RegisterationData_1340178410,HAS_METHOD
CLASS_RegisterationData_1340178410,METHOD_getN_CLASS_RegisterationData_1340178410,HAS_METHOD
CLASS_RegisterationData_1340178410,METHOD_setN_CLASS_RegisterationData_1340178410,HAS_METHOD
CLASS_RegisterationData_1340178410,METHOD_getD_CLASS_RegisterationData_1340178410,HAS_METHOD
CLASS_RegisterationData_1340178410,METHOD_setD_CLASS_RegisterationData_1340178410,HAS_METHOD
CLASS_RegisterationData_1340178410,METHOD_isBlAllowed_CLASS_RegisterationData_1340178410,HAS_METHOD
CLASS_RegisterationData_1340178410,METHOD_setBlAllowed_CLASS_RegisterationData_1340178410,HAS_METHOD
CLASS_RegisterationData_1340178410,METHOD_isLocAllowed_CLASS_RegisterationData_1340178410,HAS_METHOD
CLASS_RegisterationData_1340178410,METHOD_setLocAllowed_CLASS_RegisterationData_1340178410,HAS_METHOD
CLASS_RegisterationData_1340178410,METHOD_isBlOn_CLASS_RegisterationData_1340178410,HAS_METHOD
CLASS_RegisterationData_1340178410,METHOD_setBlOn_CLASS_RegisterationData_1340178410,HAS_METHOD
CLASS_RegisterationData_1340178410,METHOD_isLocOn_CLASS_RegisterationData_1340178410,HAS_METHOD
CLASS_RegisterationData_1340178410,METHOD_setLocOn_CLASS_RegisterationData_1340178410,HAS_METHOD
CLASS_RegisterationData_1340178410,VAR_n_CLASS_RegisterationData_1340178410,HAS_FIELD
CLASS_RegisterationData_1340178410,VAR_d_CLASS_RegisterationData_1340178410,HAS_FIELD
CLASS_RegisterationData_1340178410,VAR_fcmToken_CLASS_RegisterationData_1340178410,HAS_FIELD
CLASS_RegisterationData_1340178410,VAR_lat_CLASS_RegisterationData_1340178410,HAS_FIELD
CLASS_RegisterationData_1340178410,VAR_lon_CLASS_RegisterationData_1340178410,HAS_FIELD
CLASS_RegisterationData_1340178410,VAR_isBlAllowed_CLASS_RegisterationData_1340178410,HAS_FIELD
CLASS_RegisterationData_1340178410,VAR_isLocAllowed_CLASS_RegisterationData_1340178410,HAS_FIELD
CLASS_RegisterationData_1340178410,VAR_isBlOn_CLASS_RegisterationData_1340178410,HAS_FIELD
CLASS_RegisterationData_1340178410,VAR_isLocOn_CLASS_RegisterationData_1340178410,HAS_FIELD
FILE_1359553811,IMPORTED_-1544588727,IMPORT
FILE_1359553811,IMPORTED_-1575482444,IMPORT
FILE_1359553811,CLASS_TokenValidationResponse_1359553811,CONTAINS
CLASS_TokenValidationResponse_1359553811,METHOD_getAuthToken_CLASS_TokenValidationResponse_1359553811,HAS_METHOD
CLASS_TokenValidationResponse_1359553811,METHOD_getRefreshToken_CLASS_TokenValidationResponse_1359553811,HAS_METHOD
CLASS_TokenValidationResponse_1359553811,VAR_authToken_CLASS_TokenValidationResponse_1359553811,HAS_FIELD
CLASS_TokenValidationResponse_1359553811,VAR_refreshToken_CLASS_TokenValidationResponse_1359553811,HAS_FIELD
FILE_2011127505,CLASS_ValidateOTP_2011127505,CONTAINS
CLASS_ValidateOTP_2011127505,VAR_primaryId_CLASS_ValidateOTP_2011127505,HAS_FIELD
CLASS_ValidateOTP_2011127505,VAR_passcode_CLASS_ValidateOTP_2011127505,HAS_FIELD
FILE_-412086151,IMPORTED_65821278,IMPORT
FILE_-412086151,IMPORTED_-1544588727,IMPORT
FILE_-412086151,IMPORTED_-1575482444,IMPORT
FILE_-412086151,CLASS_PostDataModel_-412086151,CONTAINS
CLASS_PostDataModel_-412086151,METHOD_getD_CLASS_PostDataModel_-412086151,HAS_METHOD
CLASS_PostDataModel_-412086151,METHOD_setD_CLASS_PostDataModel_-412086151,HAS_METHOD
CLASS_PostDataModel_-412086151,METHOD_getData_CLASS_PostDataModel_-412086151,HAS_METHOD
CLASS_PostDataModel_-412086151,METHOD_setData_CLASS_PostDataModel_-412086151,HAS_METHOD
CLASS_PostDataModel_-412086151,VAR_d_CLASS_PostDataModel_-412086151,HAS_FIELD
CLASS_PostDataModel_-412086151,VAR_data_CLASS_PostDataModel_-412086151,HAS_FIELD
FILE_1557013960,IMPORTED_-1098970127,IMPORT
FILE_1557013960,IMPORTED_-2010664371,IMPORT
FILE_1557013960,IMPORTED_-1807242522,IMPORT
FILE_1557013960,IMPORTED_304202303,IMPORT
FILE_1557013960,IMPORTED_-269344816,IMPORT
FILE_1557013960,IMPORTED_1734174098,IMPORT
FILE_1557013960,IMPORTED_293179168,IMPORT
FILE_1557013960,IMPORTED_-1802773858,IMPORT
FILE_1557013960,IMPORTED_44786585,IMPORT
FILE_1557013960,IMPORTED_659545742,IMPORT
FILE_1557013960,CLASS_GzipRequestInterceptor_1557013960,CONTAINS
CLASS_GzipRequestInterceptor_1557013960,CLASS_Interceptor,IMPLEMENTS
CLASS_GzipRequestInterceptor_1557013960,METHOD_intercept_CLASS_GzipRequestInterceptor_1557013960,HAS_METHOD
CLASS_GzipRequestInterceptor_1557013960,METHOD_gzip_CLASS_GzipRequestInterceptor_1557013960,HAS_METHOD
CLASS_GzipRequestInterceptor_1557013960,METHOD_contentType_CLASS_GzipRequestInterceptor_1557013960,HAS_METHOD
CLASS_GzipRequestInterceptor_1557013960,METHOD_contentLength_CLASS_GzipRequestInterceptor_1557013960,HAS_METHOD
CLASS_GzipRequestInterceptor_1557013960,METHOD_writeTo_CLASS_GzipRequestInterceptor_1557013960,HAS_METHOD
FILE_-1715959089,IMPORTED_-1440200382,IMPORT
FILE_-1715959089,IMPORTED_-1955921164,IMPORT
FILE_-1715959089,IMPORTED_489158665,IMPORT
FILE_-1715959089,IMPORTED_-1462320034,IMPORT
FILE_-1715959089,IMPORTED_1555930318,IMPORT
FILE_-1715959089,IMPORTED_386404604,IMPORT
FILE_-1715959089,IMPORTED_2024563714,IMPORT
FILE_-1715959089,IMPORTED_887312443,IMPORT
FILE_-1715959089,CLASS_NetworkClient_-1715959089,CONTAINS
CLASS_NetworkClient_-1715959089,METHOD_getRetrofitClient_CLASS_NetworkClient_-1715959089,HAS_METHOD
CLASS_NetworkClient_-1715959089,METHOD_getRetrofitClient_CLASS_NetworkClient_-1715959089,HAS_METHOD
CLASS_NetworkClient_-1715959089,VAR_BASE_URL_CLASS_NetworkClient_-1715959089,HAS_FIELD
CLASS_NetworkClient_-1715959089,VAR_retrofit_CLASS_NetworkClient_-1715959089,HAS_FIELD
FILE_444464185,IMPORTED_-1955921164,IMPORT
FILE_444464185,IMPORTED_-840730333,IMPORT
FILE_444464185,IMPORTED_-2057760816,IMPORT
FILE_444464185,IMPORTED_-110397490,IMPORT
FILE_444464185,IMPORTED_-1546789548,IMPORT
FILE_444464185,IMPORTED_-1615001589,IMPORT
FILE_444464185,IMPORTED_1947255949,IMPORT
FILE_444464185,IMPORTED_-1098970127,IMPORT
FILE_444464185,IMPORTED_-821484327,IMPORT
FILE_444464185,IMPORTED_1083243523,IMPORT
FILE_444464185,IMPORTED_-1383349348,IMPORT
FILE_444464185,IMPORTED_1670439213,IMPORT
FILE_444464185,IMPORTED_1776637465,IMPORT
FILE_444464185,IMPORTED_2135524351,IMPORT
FILE_444464185,IMPORTED_-1885946556,IMPORT
FILE_444464185,IMPORTED_-1766573704,IMPORT
FILE_444464185,IMPORTED_1777023223,IMPORT
FILE_444464185,CLASS_PostDataInterface_444464185,CONTAINS
CLASS_PostDataInterface_444464185,METHOD_postUserData_CLASS_PostDataInterface_444464185,HAS_METHOD
CLASS_PostDataInterface_444464185,METHOD_registerUser_CLASS_PostDataInterface_444464185,HAS_METHOD
CLASS_PostDataInterface_444464185,METHOD_refreshFCM_CLASS_PostDataInterface_444464185,HAS_METHOD
CLASS_PostDataInterface_444464185,METHOD_updateStatus_CLASS_PostDataInterface_444464185,HAS_METHOD
CLASS_PostDataInterface_444464185,METHOD_fetchQr_CLASS_PostDataInterface_444464185,HAS_METHOD
CLASS_PostDataInterface_444464185,METHOD_fetchQrPublicKey_CLASS_PostDataInterface_444464185,HAS_METHOD
CLASS_PostDataInterface_444464185,METHOD_appMeta_CLASS_PostDataInterface_444464185,HAS_METHOD
CLASS_PostDataInterface_444464185,METHOD_generateOTP_CLASS_PostDataInterface_444464185,HAS_METHOD
CLASS_PostDataInterface_444464185,METHOD_validateOTP_CLASS_PostDataInterface_444464185,HAS_METHOD
CLASS_PostDataInterface_444464185,METHOD_refreshToken_CLASS_PostDataInterface_444464185,HAS_METHOD
FILE_-1493247566,IMPORTED_-1503993957,IMPORT
FILE_-1493247566,IMPORTED_-1337209793,IMPORT
FILE_-1493247566,CLASS_SharedPref_-1493247566,CONTAINS
CLASS_SharedPref_-1493247566,METHOD_getInstance_CLASS_SharedPref_-1493247566,HAS_METHOD
CLASS_SharedPref_-1493247566,METHOD_getStringParams_CLASS_SharedPref_-1493247566,HAS_METHOD
CLASS_SharedPref_-1493247566,METHOD_setStringParams_CLASS_SharedPref_-1493247566,HAS_METHOD
CLASS_SharedPref_-1493247566,METHOD_setBooleanParams_CLASS_SharedPref_-1493247566,HAS_METHOD
CLASS_SharedPref_-1493247566,METHOD_getBooleanParams_CLASS_SharedPref_-1493247566,HAS_METHOD
CLASS_SharedPref_-1493247566,METHOD_hasKey_CLASS_SharedPref_-1493247566,HAS_METHOD
CLASS_SharedPref_-1493247566,VAR_PREFS_NAME_CLASS_SharedPref_-1493247566,HAS_FIELD
CLASS_SharedPref_-1493247566,VAR__sharedPreferences_CLASS_SharedPref_-1493247566,HAS_FIELD
FILE_978597526,CLASS_SharedPrefsConstants_978597526,CONTAINS
CLASS_SharedPrefsConstants_978597526,VAR_USER_SELECTED_LANGUAGE_CODE_CLASS_SharedPrefsConstants_978597526,HAS_FIELD
CLASS_SharedPrefsConstants_978597526,VAR_DEFAULT_LANGUAGE_CODE_CLASS_SharedPrefsConstants_978597526,HAS_FIELD
CLASS_SharedPrefsConstants_978597526,VAR_UNIQUE_ID_CLASS_SharedPrefsConstants_978597526,HAS_FIELD
CLASS_SharedPrefsConstants_978597526,VAR_APPLICATION_INSTALL_TIME_CLASS_SharedPrefsConstants_978597526,HAS_FIELD
CLASS_SharedPrefsConstants_978597526,VAR_QR_TEXT_CLASS_SharedPrefsConstants_978597526,HAS_FIELD
CLASS_SharedPrefsConstants_978597526,VAR_MENU_INTRO_COUNT_CLASS_SharedPrefsConstants_978597526,HAS_FIELD
CLASS_SharedPrefsConstants_978597526,VAR_DEFAULT_MENU_INTRO_COUNT_CLASS_SharedPrefsConstants_978597526,HAS_FIELD
CLASS_SharedPrefsConstants_978597526,VAR_PUBLIC_KEY_CLASS_SharedPrefsConstants_978597526,HAS_FIELD
FILE_-978969637,CLASS_Constants_-978969637,CONTAINS
CLASS_Constants_-978969637,VAR_ALREADY_CONTRIBUTING_CLASS_Constants_-978969637,HAS_FIELD
CLASS_Constants_-978969637,VAR_PACKAGE_CLASS_Constants_-978969637,HAS_FIELD
CLASS_Constants_-978969637,VAR_UNIQUE_ID_CLASS_Constants_-978969637,HAS_FIELD
CLASS_Constants_-978969637,VAR_QR_PUBLIC_KEY_CLASS_Constants_-978969637,HAS_FIELD
CLASS_Constants_-978969637,VAR_PUSH_COVID_POSTIVE_P_CLASS_Constants_-978969637,HAS_FIELD
CLASS_Constants_-978969637,VAR_IS_SILENT_NOTIFICATION_CLASS_Constants_-978969637,HAS_FIELD
CLASS_Constants_-978969637,VAR_DATA_CLASS_Constants_-978969637,HAS_FIELD
CLASS_Constants_-978969637,VAR_AUTH_CLASS_Constants_-978969637,HAS_FIELD
CLASS_Constants_-978969637,VAR_PLATFORM_CLASS_Constants_-978969637,HAS_FIELD
CLASS_Constants_-978969637,VAR_OS_CLASS_Constants_-978969637,HAS_FIELD
CLASS_Constants_-978969637,VAR_VERSION_CLASS_Constants_-978969637,HAS_FIELD
CLASS_Constants_-978969637,VAR_APP_VERSION_NAME_CLASS_Constants_-978969637,HAS_FIELD
CLASS_Constants_-978969637,VAR_LATITUDE_CLASS_Constants_-978969637,HAS_FIELD
CLASS_Constants_-978969637,VAR_LONGITUDE_CLASS_Constants_-978969637,HAS_FIELD
CLASS_Constants_-978969637,VAR_CONTENT_TYPE_CLASS_Constants_-978969637,HAS_FIELD
CLASS_Constants_-978969637,VAR_CONTENT_TYPE_MULTIPART_CLASS_Constants_-978969637,HAS_FIELD
CLASS_Constants_-978969637,VAR_ACCEPT_ENCODING_CLASS_Constants_-978969637,HAS_FIELD
CLASS_Constants_-978969637,VAR_GZIP_CLASS_Constants_-978969637,HAS_FIELD
CLASS_Constants_-978969637,VAR_APPLICATION_JSON_CLASS_Constants_-978969637,HAS_FIELD
CLASS_Constants_-978969637,VAR_BLUETOOTH_ADDRESS_CLASS_Constants_-978969637,HAS_FIELD
CLASS_Constants_-978969637,VAR_MIN_VERSION_CLASS_Constants_-978969637,HAS_FIELD
CLASS_Constants_-978969637,VAR_SPECIFIC_VERSION_CLASS_Constants_-978969637,HAS_FIELD
CLASS_Constants_-978969637,VAR_NOTIFICATION_CHANNEL_CLASS_Constants_-978969637,HAS_FIELD
CLASS_Constants_-978969637,VAR_NOTIFICATION_DESC_CLASS_Constants_-978969637,HAS_FIELD
CLASS_Constants_-978969637,VAR_FROM_MY_WORKER_CLASS_Constants_-978969637,HAS_FIELD
CLASS_Constants_-978969637,VAR_CONTENT_ENCODING_CLASS_Constants_-978969637,HAS_FIELD
CLASS_Constants_-978969637,VAR_GZIP_VAL_CLASS_Constants_-978969637,HAS_FIELD
CLASS_Constants_-978969637,VAR_FINISH_CLASS_Constants_-978969637,HAS_FIELD
CLASS_Constants_-978969637,VAR_DOUBLE_SLASH_CLASS_Constants_-978969637,HAS_FIELD
CLASS_Constants_-978969637,VAR_URL_CLASS_Constants_-978969637,HAS_FIELD
CLASS_Constants_-978969637,VAR_TITLE_CLASS_Constants_-978969637,HAS_FIELD
CLASS_Constants_-978969637,VAR_LOCALE_CLASS_Constants_-978969637,HAS_FIELD
CLASS_Constants_-978969637,VAR_LANG_CLASS_Constants_-978969637,HAS_FIELD
CLASS_Constants_-978969637,VAR_FIREBASE_DEFAULT_MSG_TEXT_CLASS_Constants_-978969637,HAS_FIELD
CLASS_Constants_-978969637,VAR_WEB_NOT_SUPPORTED_CLASS_Constants_-978969637,HAS_FIELD
CLASS_Constants_-978969637,VAR_PLEASE_ALLOW_BLUETOOTH_CLASS_Constants_-978969637,HAS_FIELD
CLASS_Constants_-978969637,VAR_PLEASE_ALLOW_LOCATION_CLASS_Constants_-978969637,HAS_FIELD
CLASS_Constants_-978969637,VAR_NOT_TITLE_CLASS_Constants_-978969637,HAS_FIELD
CLASS_Constants_-978969637,VAR_NOT_BODY_CLASS_Constants_-978969637,HAS_FIELD
CLASS_Constants_-978969637,VAR_DOWNLOAD_FAIL_CLASS_Constants_-978969637,HAS_FIELD
CLASS_Constants_-978969637,VAR_COVID_POSTIVE_PUSH_P_VALUE_CLASS_Constants_-978969637,HAS_FIELD
CLASS_Constants_-978969637,VAR_PAGE_TITLE_CLASS_Constants_-978969637,HAS_FIELD
CLASS_Constants_-978969637,VAR_EMPTY_CLASS_Constants_-978969637,HAS_FIELD
CLASS_Constants_-978969637,VAR_CLOSE_CLASS_Constants_-978969637,HAS_FIELD
CLASS_Constants_-978969637,VAR_TARGET_CLASS_Constants_-978969637,HAS_FIELD
CLASS_Constants_-978969637,VAR_PUSH_CLASS_Constants_-978969637,HAS_FIELD
CLASS_Constants_-978969637,VAR_UTF_CLASS_Constants_-978969637,HAS_FIELD
CLASS_Constants_-978969637,VAR_ROOT_ALERT_CLASS_Constants_-978969637,HAS_FIELD
CLASS_Constants_-978969637,VAR_UPDATE_CLASS_Constants_-978969637,HAS_FIELD
CLASS_Constants_-978969637,VAR_FORCE_UPGRADE_CLASS_Constants_-978969637,HAS_FIELD
CLASS_Constants_-978969637,VAR_ALERT_CLASS_Constants_-978969637,HAS_FIELD
CLASS_Constants_-978969637,VAR_IOS_URL_TEXT_CLASS_Constants_-978969637,HAS_FIELD
CLASS_Constants_-978969637,VAR_IOS_URL_LINK_CLASS_Constants_-978969637,HAS_FIELD
CLASS_Constants_-978969637,VAR_SHARE_TEXT_CLASS_Constants_-978969637,HAS_FIELD
CLASS_Constants_-978969637,VAR_DEVICE_TYPE_CLASS_Constants_-978969637,HAS_FIELD
CLASS_Constants_-978969637,VAR_HYPHEN_CLASS_Constants_-978969637,HAS_FIELD
CLASS_Constants_-978969637,VAR_X_API_KEY_CLASS_Constants_-978969637,HAS_FIELD
CLASS_Constants_-978969637,VAR_RESTART_TO_UPDATE_CLASS_Constants_-978969637,HAS_FIELD
CLASS_Constants_-978969637,VAR_UPLOAD_TYPE_CLASS_Constants_-978969637,HAS_FIELD
CLASS_Constants_-978969637,VAR_LEGACY_ISSUE_CLASS_Constants_-978969637,HAS_FIELD
CLASS_Constants_-978969637,VAR_ACTION_GOTO_SETTINGS_CLASS_Constants_-978969637,HAS_FIELD
CLASS_Constants_-978969637,VAR_ACTION_REMIND_LATER_CLASS_Constants_-978969637,HAS_FIELD
CLASS_Constants_-978969637,VAR_SPACE_CLASS_Constants_-978969637,HAS_FIELD
CLASS_Constants_-978969637,VAR_EXPIRY_CLASS_Constants_-978969637,HAS_FIELD
CLASS_Constants_-978969637,VAR_NAME_CLASS_Constants_-978969637,HAS_FIELD
CLASS_Constants_-978969637,VAR_MOBILE_CLASS_Constants_-978969637,HAS_FIELD
CLASS_Constants_-978969637,VAR_BAR_CODE_PATH_CLASS_Constants_-978969637,HAS_FIELD
CLASS_Constants_-978969637,VAR_FILE_EXT_CLASS_Constants_-978969637,HAS_FIELD
CLASS_Constants_-978969637,VAR_QR_SCREEN_TAG_CLASS_Constants_-978969637,HAS_FIELD
CLASS_Constants_-978969637,VAR_MAX_INTRO_VIEWS_CLASS_Constants_-978969637,HAS_FIELD
CLASS_Constants_-978969637,VAR_COLOR_CODE_CLASS_Constants_-978969637,HAS_FIELD
CLASS_Constants_-978969637,VAR_STATUS_CODE_CLASS_Constants_-978969637,HAS_FIELD
CLASS_Constants_-978969637,VAR_MESSAGE_CLASS_Constants_-978969637,HAS_FIELD
CLASS_Constants_-978969637,VAR_SELECT_OTHER_APP_CLASS_Constants_-978969637,HAS_FIELD
CLASS_Constants_-978969637,VAR_ERROR_OPENING_CALL_SCREEN_CLASS_Constants_-978969637,HAS_FIELD
CLASS_Constants_-978969637,VAR_PUSH_CONSENT_CLASS_Constants_-978969637,HAS_FIELD
CLASS_Constants_-978969637,VAR_BEING_TESTED_CLASS_Constants_-978969637,HAS_FIELD
CLASS_Constants_-978969637,VAR_TESTED_POSITIVE_CONSENT_CLASS_Constants_-978969637,HAS_FIELD
CLASS_Constants_-978969637,VAR_SELF_CONSENT_CLASS_Constants_-978969637,HAS_FIELD
CLASS_Constants_-978969637,VAR_DEEPLINK_TAG_CLASS_Constants_-978969637,HAS_FIELD
CLASS_Constants_-978969637,VAR__2_QR_CODE_PAGE_CLASS_Constants_-978969637,HAS_FIELD
CLASS_Constants_-978969637,VAR__3_QR_CODE_SCAN_PAGE_CLASS_Constants_-978969637,HAS_FIELD
FILE_-978969637,CLASS_Errors_-978969637,CONTAINS
CLASS_Errors_-978969637,VAR_SELECT_OTHER_APP_CLASS_Errors_-978969637,HAS_FIELD
CLASS_Errors_-978969637,VAR_ERROR_OPENING_CALL_SCREEN_CLASS_Errors_-978969637,HAS_FIELD
FILE_-978969637,CLASS_UPLOAD_TYPES_-978969637,CONTAINS
CLASS_UPLOAD_TYPES_-978969637,VAR_PUSH_CONSENT_CLASS_UPLOAD_TYPES_-978969637,HAS_FIELD
CLASS_UPLOAD_TYPES_-978969637,VAR_BEING_TESTED_CLASS_UPLOAD_TYPES_-978969637,HAS_FIELD
CLASS_UPLOAD_TYPES_-978969637,VAR_TESTED_POSITIVE_CONSENT_CLASS_UPLOAD_TYPES_-978969637,HAS_FIELD
CLASS_UPLOAD_TYPES_-978969637,VAR_SELF_CONSENT_CLASS_UPLOAD_TYPES_-978969637,HAS_FIELD
FILE_-978969637,CLASS_SCREEN_TAG_-978969637,CONTAINS
CLASS_SCREEN_TAG_-978969637,VAR__2_QR_CODE_PAGE_CLASS_SCREEN_TAG_-978969637,HAS_FIELD
CLASS_SCREEN_TAG_-978969637,VAR__3_QR_CODE_SCAN_PAGE_CLASS_SCREEN_TAG_-978969637,HAS_FIELD
FILE_304746297,IMPORTED_515858019,IMPORT
FILE_304746297,IMPORTED_-1440200382,IMPORT
FILE_304746297,IMPORTED_-651470884,IMPORT
FILE_304746297,IMPORTED_-2010664371,IMPORT
FILE_304746297,IMPORTED_-457006612,IMPORT
FILE_304746297,IMPORTED_-577818432,IMPORT
FILE_304746297,IMPORTED_-503370555,IMPORT
FILE_304746297,IMPORTED_-361926947,IMPORT
FILE_304746297,IMPORTED_-2117970067,IMPORT
FILE_304746297,IMPORTED_-1532962645,IMPORT
FILE_304746297,IMPORTED_94222506,IMPORT
FILE_304746297,IMPORTED_1944711188,IMPORT
FILE_304746297,IMPORTED_-1646335692,IMPORT
FILE_304746297,IMPORTED_-486574496,IMPORT
FILE_304746297,IMPORTED_1001106496,IMPORT
FILE_304746297,IMPORTED_2145306267,IMPORT
FILE_304746297,IMPORTED_569247683,IMPORT
FILE_304746297,IMPORTED_-719545618,IMPORT
FILE_304746297,IMPORTED_476967584,IMPORT
FILE_304746297,IMPORTED_-2054893278,IMPORT
FILE_304746297,IMPORTED_1666101659,IMPORT
FILE_304746297,IMPORTED_351178833,IMPORT
FILE_304746297,IMPORTED_272651280,IMPORT
FILE_304746297,IMPORTED_576696077,IMPORT
FILE_304746297,IMPORTED_2023444705,IMPORT
FILE_304746297,IMPORTED_697709349,IMPORT
FILE_304746297,IMPORTED_-1655490196,IMPORT
FILE_304746297,IMPORTED_-1767605960,IMPORT
FILE_304746297,IMPORTED_1517629610,IMPORT
FILE_304746297,IMPORTED_663870722,IMPORT
FILE_304746297,IMPORTED_1504674974,IMPORT
FILE_304746297,CLASS_DecryptionUtil_304746297,CONTAINS
CLASS_DecryptionUtil_304746297,CLASS_SecureUtil,EXTENDS
CLASS_DecryptionUtil_304746297,METHOD_getKey_CLASS_DecryptionUtil_304746297,HAS_METHOD
CLASS_DecryptionUtil_304746297,METHOD_decryptData_CLASS_DecryptionUtil_304746297,HAS_METHOD
CLASS_DecryptionUtil_304746297,METHOD_decryptFile_CLASS_DecryptionUtil_304746297,HAS_METHOD
CLASS_DecryptionUtil_304746297,VAR_secretKey_CLASS_DecryptionUtil_304746297,HAS_FIELD
FILE_-923442159,IMPORTED_515858019,IMPORT
FILE_-923442159,IMPORTED_-651470884,IMPORT
FILE_-923442159,IMPORTED_-2010664371,IMPORT
FILE_-923442159,IMPORTED_-457006612,IMPORT
FILE_-923442159,IMPORTED_-577818432,IMPORT
FILE_-923442159,IMPORTED_-503370555,IMPORT
FILE_-923442159,IMPORTED_-1532962645,IMPORT
FILE_-923442159,IMPORTED_94222506,IMPORT
FILE_-923442159,IMPORTED_1944711188,IMPORT
FILE_-923442159,IMPORTED_-2002908615,IMPORT
FILE_-923442159,IMPORTED_-486574496,IMPORT
FILE_-923442159,IMPORTED_1001106496,IMPORT
FILE_-923442159,IMPORTED_-719545618,IMPORT
FILE_-923442159,IMPORTED_476967584,IMPORT
FILE_-923442159,IMPORTED_-2054893278,IMPORT
FILE_-923442159,IMPORTED_1666101659,IMPORT
FILE_-923442159,IMPORTED_1517629610,IMPORT
FILE_-923442159,CLASS_EncryptionUtil_-923442159,CONTAINS
CLASS_EncryptionUtil_-923442159,CLASS_SecureUtil,EXTENDS
CLASS_EncryptionUtil_-923442159,METHOD_getInstance_CLASS_EncryptionUtil_-923442159,HAS_METHOD
CLASS_EncryptionUtil_-923442159,METHOD_encryptText_CLASS_EncryptionUtil_-923442159,HAS_METHOD
CLASS_EncryptionUtil_-923442159,METHOD_encrypt_CLASS_EncryptionUtil_-923442159,HAS_METHOD
CLASS_EncryptionUtil_-923442159,METHOD_getCipher_CLASS_EncryptionUtil_-923442159,HAS_METHOD
CLASS_EncryptionUtil_-923442159,METHOD_getIv_CLASS_EncryptionUtil_-923442159,HAS_METHOD
CLASS_EncryptionUtil_-923442159,VAR_iv_CLASS_EncryptionUtil_-923442159,HAS_FIELD
CLASS_EncryptionUtil_-923442159,VAR_instance_CLASS_EncryptionUtil_-923442159,HAS_FIELD
FILE_1090672981,IMPORTED_815902476,IMPORT
FILE_1090672981,IMPORTED_462790736,IMPORT
FILE_1090672981,IMPORTED_-2026359096,IMPORT
FILE_1090672981,CLASS_ExecutorHelper_1090672981,CONTAINS
CLASS_ExecutorHelper_1090672981,METHOD_getThreadPoolExecutor_CLASS_ExecutorHelper_1090672981,HAS_METHOD
CLASS_ExecutorHelper_1090672981,VAR_numCores_CLASS_ExecutorHelper_1090672981,HAS_FIELD
FILE_1708972608,IMPORTED_-463512193,IMPORT
FILE_1708972608,IMPORTED_-1114099497,IMPORT
FILE_1708972608,IMPORTED_65821278,IMPORT
FILE_1708972608,IMPORTED_-463512193,IMPORT
FILE_1708972608,CLASS_LanguageList_1708972608,CONTAINS
CLASS_LanguageList_1708972608,METHOD_getLanguageList_CLASS_LanguageList_1708972608,HAS_METHOD
FILE_517237819,IMPORTED_-1503993957,IMPORT
FILE_517237819,IMPORTED_29162307,IMPORT
FILE_517237819,IMPORTED_87771899,IMPORT
FILE_517237819,IMPORTED_-428053458,IMPORT
FILE_517237819,IMPORTED_-2085295140,IMPORT
FILE_517237819,IMPORTED_-1505992646,IMPORT
FILE_517237819,IMPORTED_-1767605960,IMPORT
FILE_517237819,IMPORTED_186032378,IMPORT
FILE_517237819,IMPORTED_663870722,IMPORT
FILE_517237819,IMPORTED_1504674974,IMPORT
FILE_517237819,IMPORTED_-1383349348,IMPORT
FILE_517237819,CLASS_LocalizationUtil_517237819,CONTAINS
CLASS_LocalizationUtil_517237819,METHOD_getLocalisedString_CLASS_LocalizationUtil_517237819,HAS_METHOD
CLASS_LocalizationUtil_517237819,METHOD_getStrResEntryName_CLASS_LocalizationUtil_517237819,HAS_METHOD
CLASS_LocalizationUtil_517237819,METHOD_storeLocalizedStringMapping_CLASS_LocalizationUtil_517237819,HAS_METHOD
CLASS_LocalizationUtil_517237819,METHOD_getSpannableString_CLASS_LocalizationUtil_517237819,HAS_METHOD
CLASS_LocalizationUtil_517237819,VAR_IS_DYNAMIC_LANGUAGE_SELECTION_ENABLED_CLASS_LocalizationUtil_517237819,HAS_FIELD
FILE_-1334953394,IMPORTED_-880360069,IMPORT
FILE_-1334953394,IMPORTED_-1503993957,IMPORT
FILE_-1334953394,IMPORTED_383222149,IMPORT
FILE_-1334953394,IMPORTED_-1732020098,IMPORT
FILE_-1334953394,IMPORTED_-1733604612,IMPORT
FILE_-1334953394,IMPORTED_-1505992646,IMPORT
FILE_-1334953394,IMPORTED_1428976503,IMPORT
FILE_-1334953394,IMPORTED_1141796873,IMPORT
FILE_-1334953394,IMPORTED_-1486536156,IMPORT
FILE_-1334953394,IMPORTED_-267266970,IMPORT
FILE_-1334953394,IMPORTED_357592394,IMPORT
FILE_-1334953394,IMPORTED_-412323585,IMPORT
FILE_-1334953394,IMPORTED_132304311,IMPORT
FILE_-1334953394,IMPORTED_-50082483,IMPORT
FILE_-1334953394,IMPORTED_327177494,IMPORT
FILE_-1334953394,CLASS_LocationUtils_-1334953394,CONTAINS
CLASS_LocationUtils_-1334953394,METHOD_turnLocationOn_CLASS_LocationUtils_-1334953394,HAS_METHOD
CLASS_LocationUtils_-1334953394,METHOD_onFailure_CLASS_LocationUtils_-1334953394,HAS_METHOD
CLASS_LocationUtils_-1334953394,METHOD_locationStatus_CLASS_LocationUtils_-1334953394,HAS_METHOD
CLASS_LocationUtils_-1334953394,VAR_LOCATION_REQUEST_CLASS_LocationUtils_-1334953394,HAS_FIELD
CLASS_LocationUtils_-1334953394,VAR_context_CLASS_LocationUtils_-1334953394,HAS_FIELD
FILE_-1334953394,CLASS_TurnLocationListener_-1334953394,CONTAINS
CLASS_TurnLocationListener_-1334953394,METHOD_locationStatus_CLASS_TurnLocationListener_-1334953394,HAS_METHOD
FILE_1673656710,IMPORTED_701086679,IMPORT
FILE_1673656710,IMPORTED_-1955921164,IMPORT
FILE_1673656710,CLASS_Logger_1673656710,CONTAINS
CLASS_Logger_1673656710,METHOD_isEnableLog_CLASS_Logger_1673656710,HAS_METHOD
CLASS_Logger_1673656710,METHOD_setEnableLog_CLASS_Logger_1673656710,HAS_METHOD
CLASS_Logger_1673656710,METHOD_d_CLASS_Logger_1673656710,HAS_METHOD
CLASS_Logger_1673656710,METHOD_e_CLASS_Logger_1673656710,HAS_METHOD
CLASS_Logger_1673656710,METHOD_i_CLASS_Logger_1673656710,HAS_METHOD
CLASS_Logger_1673656710,METHOD_v_CLASS_Logger_1673656710,HAS_METHOD
CLASS_Logger_1673656710,METHOD_w_CLASS_Logger_1673656710,HAS_METHOD
CLASS_Logger_1673656710,VAR_enableLog_CLASS_Logger_1673656710,HAS_FIELD
FILE_-1351045958,IMPORTED_-362936912,IMPORT
FILE_-1351045958,IMPORTED_-87314924,IMPORT
FILE_-1351045958,CLASS_MyAppGlideModule_-1351045958,CONTAINS
CLASS_MyAppGlideModule_-1351045958,CLASS_AppGlideModule,EXTENDS
FILE_203300253,IMPORTED_-1282791848,IMPORT
FILE_203300253,IMPORTED_-1503993957,IMPORT
FILE_203300253,IMPORTED_-1337209793,IMPORT
FILE_203300253,IMPORTED_515858019,IMPORT
FILE_203300253,IMPORTED_1988670116,IMPORT
FILE_203300253,IMPORTED_-468099178,IMPORT
FILE_203300253,IMPORTED_738455733,IMPORT
FILE_203300253,IMPORTED_-1440200382,IMPORT
FILE_203300253,IMPORTED_-651470884,IMPORT
FILE_203300253,IMPORTED_-1403894762,IMPORT
FILE_203300253,IMPORTED_-2010664371,IMPORT
FILE_203300253,IMPORTED_-989675752,IMPORT
FILE_203300253,IMPORTED_-577818432,IMPORT
FILE_203300253,IMPORTED_-503370555,IMPORT
FILE_203300253,IMPORTED_-361926947,IMPORT
FILE_203300253,IMPORTED_1310489916,IMPORT
FILE_203300253,IMPORTED_-995206140,IMPORT
FILE_203300253,IMPORTED_-1532962645,IMPORT
FILE_203300253,IMPORTED_94222506,IMPORT
FILE_203300253,IMPORTED_1944711188,IMPORT
FILE_203300253,IMPORTED_-1488169892,IMPORT
FILE_203300253,IMPORTED_-486574496,IMPORT
FILE_203300253,IMPORTED_1001106496,IMPORT
FILE_203300253,IMPORTED_-861027074,IMPORT
FILE_203300253,IMPORTED_-719545618,IMPORT
FILE_203300253,IMPORTED_476967584,IMPORT
FILE_203300253,IMPORTED_-788715871,IMPORT
FILE_203300253,IMPORTED_-2054893278,IMPORT
FILE_203300253,IMPORTED_1300717577,IMPORT
FILE_203300253,IMPORTED_1666101659,IMPORT
FILE_203300253,IMPORTED_1692485850,IMPORT
FILE_203300253,IMPORTED_767950284,IMPORT
FILE_203300253,IMPORTED_-1059883504,IMPORT
FILE_203300253,IMPORTED_-1955921164,IMPORT
FILE_203300253,IMPORTED_-1767605960,IMPORT
FILE_203300253,IMPORTED_-1018398266,IMPORT
FILE_203300253,CLASS_SecureUtil_203300253,CONTAINS
CLASS_SecureUtil_203300253,METHOD_initCipherForLessThanM_CLASS_SecureUtil_203300253,HAS_METHOD
CLASS_SecureUtil_203300253,METHOD_initCipherForLessThanM_CLASS_SecureUtil_203300253,HAS_METHOD
CLASS_SecureUtil_203300253,METHOD_removeKeys_CLASS_SecureUtil_203300253,HAS_METHOD
CLASS_SecureUtil_203300253,METHOD_removeKeys_CLASS_SecureUtil_203300253,HAS_METHOD
CLASS_SecureUtil_203300253,METHOD_removeSavedSharedPreferences_CLASS_SecureUtil_203300253,HAS_METHOD
CLASS_SecureUtil_203300253,METHOD_getSecretKey_CLASS_SecureUtil_203300253,HAS_METHOD
CLASS_SecureUtil_203300253,METHOD_generateKeysForAPILessThanM_CLASS_SecureUtil_203300253,HAS_METHOD
CLASS_SecureUtil_203300253,METHOD_saveEncryptedKey_CLASS_SecureUtil_203300253,HAS_METHOD
CLASS_SecureUtil_203300253,METHOD_rsaEncryptKey_CLASS_SecureUtil_203300253,HAS_METHOD
CLASS_SecureUtil_203300253,METHOD_getSecretKeyAPILessThanM_CLASS_SecureUtil_203300253,HAS_METHOD
CLASS_SecureUtil_203300253,METHOD_rsaDecryptKey_CLASS_SecureUtil_203300253,HAS_METHOD
CLASS_SecureUtil_203300253,METHOD_getSecretKeyFromSharedPreferences_CLASS_SecureUtil_203300253,HAS_METHOD
CLASS_SecureUtil_203300253,VAR_TRANSFORMATION_CLASS_SecureUtil_203300253,HAS_FIELD
CLASS_SecureUtil_203300253,VAR_SHARED_PREFERENCE_NAME_CLASS_SecureUtil_203300253,HAS_FIELD
CLASS_SecureUtil_203300253,VAR_ENCRYPTED_KEY_NAME_CLASS_SecureUtil_203300253,HAS_FIELD
CLASS_SecureUtil_203300253,VAR_RSA_ALGORITHM_NAME_CLASS_SecureUtil_203300253,HAS_FIELD
CLASS_SecureUtil_203300253,VAR_RSA_MODE_CLASS_SecureUtil_203300253,HAS_FIELD
CLASS_SecureUtil_203300253,VAR_CIPHER_PROVIDER_NAME_ENCRYPTION_DECRYPTION_RSA_CLASS_SecureUtil_203300253,HAS_FIELD
CLASS_SecureUtil_203300253,VAR_CIPHER_PROVIDER_NAME_ENCRYPTION_DECRYPTION_AES_CLASS_SecureUtil_203300253,HAS_FIELD
CLASS_SecureUtil_203300253,VAR_AES_MODE_LESS_THAN_M_CLASS_SecureUtil_203300253,HAS_FIELD
CLASS_SecureUtil_203300253,VAR_s_keyInitLock_CLASS_SecureUtil_203300253,HAS_FIELD
FILE_1665869037,CLASS_StatusConstants_1665869037,CONTAINS
CLASS_StatusConstants_1665869037,VAR_STATUS_301_CLASS_StatusConstants_1665869037,HAS_FIELD
CLASS_StatusConstants_1665869037,VAR_STATUS_302_CLASS_StatusConstants_1665869037,HAS_FIELD
CLASS_StatusConstants_1665869037,VAR_STATUS_400_CLASS_StatusConstants_1665869037,HAS_FIELD
CLASS_StatusConstants_1665869037,VAR_STATUS_401_CLASS_StatusConstants_1665869037,HAS_FIELD
CLASS_StatusConstants_1665869037,VAR_STATUS_402_CLASS_StatusConstants_1665869037,HAS_FIELD
CLASS_StatusConstants_1665869037,VAR_STATUS_403_CLASS_StatusConstants_1665869037,HAS_FIELD
CLASS_StatusConstants_1665869037,VAR_STATUS_500_CLASS_StatusConstants_1665869037,HAS_FIELD
CLASS_StatusConstants_1665869037,VAR_STATUS_501_CLASS_StatusConstants_1665869037,HAS_FIELD
CLASS_StatusConstants_1665869037,VAR_STATUS_502_CLASS_StatusConstants_1665869037,HAS_FIELD
CLASS_StatusConstants_1665869037,VAR_STATUS_600_CLASS_StatusConstants_1665869037,HAS_FIELD
CLASS_StatusConstants_1665869037,VAR_STATUS_700_CLASS_StatusConstants_1665869037,HAS_FIELD
CLASS_StatusConstants_1665869037,VAR_STATUS_800_CLASS_StatusConstants_1665869037,HAS_FIELD
CLASS_StatusConstants_1665869037,VAR_STATUS_1000_CLASS_StatusConstants_1665869037,HAS_FIELD
FILE_-1361386784,IMPORTED_-1282791848,IMPORT
FILE_-1361386784,IMPORTED_-1503993957,IMPORT
FILE_-1361386784,IMPORTED_1130832115,IMPORT
FILE_-1361386784,IMPORTED_-135501766,IMPORT
FILE_-1361386784,IMPORTED_316719529,IMPORT
FILE_-1361386784,CLASS_ViewPagerFixed_-1361386784,CONTAINS
CLASS_ViewPagerFixed_-1361386784,CLASS_ViewPager,EXTENDS
CLASS_ViewPagerFixed_-1361386784,METHOD_onTouchEvent_CLASS_ViewPagerFixed_-1361386784,HAS_METHOD
CLASS_ViewPagerFixed_-1361386784,METHOD_onInterceptTouchEvent_CLASS_ViewPagerFixed_-1361386784,HAS_METHOD
FILE_502795850,IMPORTED_-2031792384,IMPORT
FILE_502795850,IMPORTED_-1064589251,IMPORT
FILE_502795850,IMPORTED_1762728124,IMPORT
FILE_502795850,IMPORTED_2105438894,IMPORT
FILE_502795850,IMPORTED_1255290059,IMPORT
FILE_502795850,IMPORTED_-1503993957,IMPORT
FILE_502795850,IMPORTED_-1124425936,IMPORT
FILE_502795850,IMPORTED_14693064,IMPORT
FILE_502795850,IMPORTED_383222149,IMPORT
FILE_502795850,IMPORTED_-194687853,IMPORT
FILE_502795850,IMPORTED_1754524719,IMPORT
FILE_502795850,IMPORTED_1978937596,IMPORT
FILE_502795850,IMPORTED_-1188128979,IMPORT
FILE_502795850,IMPORTED_-2014788097,IMPORT
FILE_502795850,IMPORTED_-1950620191,IMPORT
FILE_502795850,IMPORTED_-1440200382,IMPORT
FILE_502795850,IMPORTED_906071683,IMPORT
FILE_502795850,IMPORTED_-2075766907,IMPORT
FILE_502795850,IMPORTED_1815484335,IMPORT
FILE_502795850,IMPORTED_-1185174573,IMPORT
FILE_502795850,IMPORTED_1830754335,IMPORT
FILE_502795850,IMPORTED_1425157036,IMPORT
FILE_502795850,IMPORTED_-835718022,IMPORT
FILE_502795850,IMPORTED_-84521034,IMPORT
FILE_502795850,IMPORTED_66104940,IMPORT
FILE_502795850,IMPORTED_-1781592745,IMPORT
FILE_502795850,IMPORTED_-2096886772,IMPORT
FILE_502795850,IMPORTED_-1733604612,IMPORT
FILE_502795850,IMPORTED_1558765019,IMPORT
FILE_502795850,IMPORTED_1547975815,IMPORT
FILE_502795850,IMPORTED_1958232501,IMPORT
FILE_502795850,IMPORTED_446283633,IMPORT
FILE_502795850,IMPORTED_-1189793449,IMPORT
FILE_502795850,IMPORTED_757141278,IMPORT
FILE_502795850,IMPORTED_-1926333898,IMPORT
FILE_502795850,IMPORTED_895787720,IMPORT
FILE_502795850,IMPORTED_1188238702,IMPORT
FILE_502795850,IMPORTED_1650667512,IMPORT
FILE_502795850,IMPORTED_845219875,IMPORT
FILE_502795850,IMPORTED_-304946329,IMPORT
FILE_502795850,IMPORTED_754286853,IMPORT
FILE_502795850,IMPORTED_1725926090,IMPORT
FILE_502795850,IMPORTED_-768073104,IMPORT
FILE_502795850,IMPORTED_670339897,IMPORT
FILE_502795850,IMPORTED_913926776,IMPORT
FILE_502795850,IMPORTED_1896892294,IMPORT
FILE_502795850,IMPORTED_-2126783179,IMPORT
FILE_502795850,IMPORTED_2031261358,IMPORT
FILE_502795850,IMPORTED_-2010664371,IMPORT
FILE_502795850,IMPORTED_798702718,IMPORT
FILE_502795850,IMPORTED_2050244018,IMPORT
FILE_502795850,IMPORTED_-1402722386,IMPORT
FILE_502795850,IMPORTED_-1383349348,IMPORT
FILE_502795850,IMPORTED_2047234248,IMPORT
FILE_502795850,IMPORTED_-1955921164,IMPORT
FILE_502795850,IMPORTED_-1767605960,IMPORT
FILE_502795850,IMPORTED_327177494,IMPORT
FILE_502795850,IMPORTED_1906598162,IMPORT
FILE_502795850,IMPORTED_-1030637960,IMPORT
FILE_502795850,IMPORTED_853755484,IMPORT
FILE_502795850,IMPORTED_663870722,IMPORT
FILE_502795850,IMPORTED_1504674974,IMPORT
FILE_502795850,IMPORTED_-240999575,IMPORT
FILE_502795850,IMPORTED_1824491261,IMPORT
FILE_502795850,IMPORTED_1711896774,IMPORT
FILE_502795850,IMPORTED_-1098970127,IMPORT
FILE_502795850,IMPORTED_2119949988,IMPORT
FILE_502795850,IMPORTED_1457442605,IMPORT
FILE_502795850,IMPORTED_470852863,IMPORT
FILE_502795850,IMPORTED_443960878,IMPORT
FILE_502795850,IMPORTED_-249877877,IMPORT
FILE_502795850,IMPORTED_-1939561434,IMPORT
FILE_502795850,IMPORTED_-624040028,IMPORT
FILE_502795850,IMPORTED_1434086493,IMPORT
FILE_502795850,IMPORTED_-1288716138,IMPORT
FILE_502795850,IMPORTED_-850745628,IMPORT
FILE_502795850,CLASS_HomeActivity_502795850,CONTAINS
CLASS_HomeActivity_502795850,CLASS_AppCompatActivity,EXTENDS
CLASS_HomeActivity_502795850,CLASS_LanguageChangeListener,IMPLEMENTS
CLASS_HomeActivity_502795850,CLASS_Retry,IMPLEMENTS
CLASS_HomeActivity_502795850,CLASS_BluetoothActionListener,IMPLEMENTS
CLASS_HomeActivity_502795850,CLASS_InstallStateUpdatedListener,IMPLEMENTS
CLASS_HomeActivity_502795850,CLASS_SyncDataModeListener,IMPLEMENTS
CLASS_HomeActivity_502795850,CLASS_ConfirmationListener,IMPLEMENTS
CLASS_HomeActivity_502795850,CLASS_SyncListener,IMPLEMENTS
CLASS_HomeActivity_502795850,CLASS_UploadListener,IMPLEMENTS
CLASS_HomeActivity_502795850,CLASS_OnClickListener,IMPLEMENTS
CLASS_HomeActivity_502795850,METHOD_shareApp_CLASS_HomeActivity_502795850,HAS_METHOD
CLASS_HomeActivity_502795850,METHOD_getHeaders_CLASS_HomeActivity_502795850,HAS_METHOD
CLASS_HomeActivity_502795850,METHOD_changeLanguage_CLASS_HomeActivity_502795850,HAS_METHOD
CLASS_HomeActivity_502795850,METHOD_backPressed_CLASS_HomeActivity_502795850,HAS_METHOD
CLASS_HomeActivity_502795850,METHOD_copyToClipboard_CLASS_HomeActivity_502795850,HAS_METHOD
CLASS_HomeActivity_502795850,METHOD_hideLoader_CLASS_HomeActivity_502795850,HAS_METHOD
CLASS_HomeActivity_502795850,METHOD_askForUpload_CLASS_HomeActivity_502795850,HAS_METHOD
CLASS_HomeActivity_502795850,METHOD_disableScreenShot_CLASS_HomeActivity_502795850,HAS_METHOD
CLASS_HomeActivity_502795850,METHOD_onCreate_CLASS_HomeActivity_502795850,HAS_METHOD
CLASS_HomeActivity_502795850,METHOD_onNewIntent_CLASS_HomeActivity_502795850,HAS_METHOD
CLASS_HomeActivity_502795850,METHOD_checkOldData_CLASS_HomeActivity_502795850,HAS_METHOD
CLASS_HomeActivity_502795850,METHOD_setupNavigationMenu_CLASS_HomeActivity_502795850,HAS_METHOD
CLASS_HomeActivity_502795850,METHOD_onDrawerOpened_CLASS_HomeActivity_502795850,HAS_METHOD
CLASS_HomeActivity_502795850,METHOD_setupWebView_CLASS_HomeActivity_502795850,HAS_METHOD
CLASS_HomeActivity_502795850,METHOD_shouldOverrideUrlLoading_CLASS_HomeActivity_502795850,HAS_METHOD
CLASS_HomeActivity_502795850,METHOD_onPageStarted_CLASS_HomeActivity_502795850,HAS_METHOD
CLASS_HomeActivity_502795850,METHOD_onPageFinished_CLASS_HomeActivity_502795850,HAS_METHOD
CLASS_HomeActivity_502795850,METHOD_onReceivedHttpError_CLASS_HomeActivity_502795850,HAS_METHOD
CLASS_HomeActivity_502795850,METHOD_openDefaultBrowser_CLASS_HomeActivity_502795850,HAS_METHOD
CLASS_HomeActivity_502795850,METHOD_updateToken_CLASS_HomeActivity_502795850,HAS_METHOD
CLASS_HomeActivity_502795850,METHOD_handleShare_CLASS_HomeActivity_502795850,HAS_METHOD
CLASS_HomeActivity_502795850,METHOD_onStart_CLASS_HomeActivity_502795850,HAS_METHOD
CLASS_HomeActivity_502795850,METHOD_onResume_CLASS_HomeActivity_502795850,HAS_METHOD
CLASS_HomeActivity_502795850,METHOD_updateNavigationDrawer_CLASS_HomeActivity_502795850,HAS_METHOD
CLASS_HomeActivity_502795850,METHOD_onPause_CLASS_HomeActivity_502795850,HAS_METHOD
CLASS_HomeActivity_502795850,METHOD_onDestroy_CLASS_HomeActivity_502795850,HAS_METHOD
CLASS_HomeActivity_502795850,METHOD_onClick_CLASS_HomeActivity_502795850,HAS_METHOD
CLASS_HomeActivity_502795850,METHOD_openQrScreen_CLASS_HomeActivity_502795850,HAS_METHOD
CLASS_HomeActivity_502795850,METHOD_onActionModeStarted_CLASS_HomeActivity_502795850,HAS_METHOD
CLASS_HomeActivity_502795850,METHOD_onActionModeFinished_CLASS_HomeActivity_502795850,HAS_METHOD
CLASS_HomeActivity_502795850,METHOD_endActionMode_CLASS_HomeActivity_502795850,HAS_METHOD
CLASS_HomeActivity_502795850,METHOD_showRetryDialog_CLASS_HomeActivity_502795850,HAS_METHOD
CLASS_HomeActivity_502795850,METHOD_isTopUrlSame_CLASS_HomeActivity_502795850,HAS_METHOD
CLASS_HomeActivity_502795850,METHOD_handleBack_CLASS_HomeActivity_502795850,HAS_METHOD
CLASS_HomeActivity_502795850,METHOD_getQueryMap_CLASS_HomeActivity_502795850,HAS_METHOD
CLASS_HomeActivity_502795850,METHOD_getCurrentBaseURL_CLASS_HomeActivity_502795850,HAS_METHOD
CLASS_HomeActivity_502795850,METHOD_loadUrl_CLASS_HomeActivity_502795850,HAS_METHOD
CLASS_HomeActivity_502795850,METHOD_showLanguageSelectionDialog_CLASS_HomeActivity_502795850,HAS_METHOD
CLASS_HomeActivity_502795850,METHOD_getLaunchIntent_CLASS_HomeActivity_502795850,HAS_METHOD
CLASS_HomeActivity_502795850,METHOD_languageChange_CLASS_HomeActivity_502795850,HAS_METHOD
CLASS_HomeActivity_502795850,METHOD_getChangedUrl_CLASS_HomeActivity_502795850,HAS_METHOD
CLASS_HomeActivity_502795850,METHOD_onKeyDown_CLASS_HomeActivity_502795850,HAS_METHOD
CLASS_HomeActivity_502795850,METHOD_retry_CLASS_HomeActivity_502795850,HAS_METHOD
CLASS_HomeActivity_502795850,METHOD_onActivityResult_CLASS_HomeActivity_502795850,HAS_METHOD
CLASS_HomeActivity_502795850,METHOD_checkBluetooth_CLASS_HomeActivity_502795850,HAS_METHOD
CLASS_HomeActivity_502795850,METHOD_onReceive_CLASS_HomeActivity_502795850,HAS_METHOD
CLASS_HomeActivity_502795850,METHOD_showNoBluetoothDialog_CLASS_HomeActivity_502795850,HAS_METHOD
CLASS_HomeActivity_502795850,METHOD_hideNoBluetoothDialog_CLASS_HomeActivity_502795850,HAS_METHOD
CLASS_HomeActivity_502795850,METHOD_onBluetoothRequested_CLASS_HomeActivity_502795850,HAS_METHOD
CLASS_HomeActivity_502795850,METHOD_enableLocation_CLASS_HomeActivity_502795850,HAS_METHOD
CLASS_HomeActivity_502795850,METHOD_notifyUserForFail_CLASS_HomeActivity_502795850,HAS_METHOD
CLASS_HomeActivity_502795850,METHOD_notifyUser_CLASS_HomeActivity_502795850,HAS_METHOD
CLASS_HomeActivity_502795850,METHOD_checkForUpdates_CLASS_HomeActivity_502795850,HAS_METHOD
CLASS_HomeActivity_502795850,METHOD_requestSoftUpdate_CLASS_HomeActivity_502795850,HAS_METHOD
CLASS_HomeActivity_502795850,METHOD_requestHardUpdate_CLASS_HomeActivity_502795850,HAS_METHOD
CLASS_HomeActivity_502795850,METHOD_onStateUpdate_CLASS_HomeActivity_502795850,HAS_METHOD
CLASS_HomeActivity_502795850,METHOD_showPermissionAlert_CLASS_HomeActivity_502795850,HAS_METHOD
CLASS_HomeActivity_502795850,METHOD_openAppSettings_CLASS_HomeActivity_502795850,HAS_METHOD
CLASS_HomeActivity_502795850,METHOD_showSyncDataDialog_CLASS_HomeActivity_502795850,HAS_METHOD
CLASS_HomeActivity_502795850,METHOD_showSyncDataConsentDialog_CLASS_HomeActivity_502795850,HAS_METHOD
CLASS_HomeActivity_502795850,METHOD_showSyncingDataDialog_CLASS_HomeActivity_502795850,HAS_METHOD
CLASS_HomeActivity_502795850,METHOD_showDialog_CLASS_HomeActivity_502795850,HAS_METHOD
CLASS_HomeActivity_502795850,METHOD_syncDataWith_CLASS_HomeActivity_502795850,HAS_METHOD
CLASS_HomeActivity_502795850,METHOD_proceedSyncing_CLASS_HomeActivity_502795850,HAS_METHOD
CLASS_HomeActivity_502795850,METHOD_cancelSyncing_CLASS_HomeActivity_502795850,HAS_METHOD
CLASS_HomeActivity_502795850,METHOD_retrySyncing_CLASS_HomeActivity_502795850,HAS_METHOD
CLASS_HomeActivity_502795850,METHOD_onUploadSuccess_CLASS_HomeActivity_502795850,HAS_METHOD
CLASS_HomeActivity_502795850,METHOD_onUploadFailure_CLASS_HomeActivity_502795850,HAS_METHOD
CLASS_HomeActivity_502795850,METHOD_checkForDataUpload_CLASS_HomeActivity_502795850,HAS_METHOD
CLASS_HomeActivity_502795850,METHOD_onUploadDataClicked_CLASS_HomeActivity_502795850,HAS_METHOD
CLASS_HomeActivity_502795850,METHOD_startUploading_CLASS_HomeActivity_502795850,HAS_METHOD
CLASS_HomeActivity_502795850,METHOD_onShowCustomView_CLASS_HomeActivity_502795850,HAS_METHOD
CLASS_HomeActivity_502795850,METHOD_onHideCustomView_CLASS_HomeActivity_502795850,HAS_METHOD
CLASS_HomeActivity_502795850,METHOD_onBackPressed_CLASS_HomeActivity_502795850,HAS_METHOD
CLASS_HomeActivity_502795850,METHOD_checkforDeeplink_CLASS_HomeActivity_502795850,HAS_METHOD
CLASS_HomeActivity_502795850,VAR_TAG_CLASS_HomeActivity_502795850,HAS_FIELD
CLASS_HomeActivity_502795850,VAR_FRAG_NO_BT_DIALOG_CLASS_HomeActivity_502795850,HAS_FIELD
CLASS_HomeActivity_502795850,VAR_SYNC_DATA_DIALOG_CLASS_HomeActivity_502795850,HAS_FIELD
CLASS_HomeActivity_502795850,VAR_SYNC_DATA_CONSENT_DIALOG_CLASS_HomeActivity_502795850,HAS_FIELD
CLASS_HomeActivity_502795850,VAR_SYNCING_DIALOG_CLASS_HomeActivity_502795850,HAS_FIELD
CLASS_HomeActivity_502795850,VAR_EXTRA_ASK_PERMISSION_CLASS_HomeActivity_502795850,HAS_FIELD
CLASS_HomeActivity_502795850,VAR_DO_NOT_SHOW_BACK_CLASS_HomeActivity_502795850,HAS_FIELD
CLASS_HomeActivity_502795850,VAR_NO_NETWORK_CLASS_HomeActivity_502795850,HAS_FIELD
CLASS_HomeActivity_502795850,VAR_REQUEST_CODE_PERMISSION_CLASS_HomeActivity_502795850,HAS_FIELD
CLASS_HomeActivity_502795850,VAR_REQUEST_CODE_FLEXIBLE_UPDATE_CLASS_HomeActivity_502795850,HAS_FIELD
CLASS_HomeActivity_502795850,VAR_REQUEST_CODE_IMMEDIATE_UPDATE_CLASS_HomeActivity_502795850,HAS_FIELD
CLASS_HomeActivity_502795850,VAR_appUpdateManager_CLASS_HomeActivity_502795850,HAS_FIELD
CLASS_HomeActivity_502795850,VAR_mActionMode_CLASS_HomeActivity_502795850,HAS_FIELD
CLASS_HomeActivity_502795850,VAR_mUploadDataUtil_CLASS_HomeActivity_502795850,HAS_FIELD
CLASS_HomeActivity_502795850,VAR_webPageStack_CLASS_HomeActivity_502795850,HAS_FIELD
CLASS_HomeActivity_502795850,VAR_menu_CLASS_HomeActivity_502795850,HAS_FIELD
CLASS_HomeActivity_502795850,VAR_menuIntro_CLASS_HomeActivity_502795850,HAS_FIELD
CLASS_HomeActivity_502795850,VAR_back_CLASS_HomeActivity_502795850,HAS_FIELD
CLASS_HomeActivity_502795850,VAR_doNotShowBack_CLASS_HomeActivity_502795850,HAS_FIELD
CLASS_HomeActivity_502795850,VAR_progressBar_CLASS_HomeActivity_502795850,HAS_FIELD
CLASS_HomeActivity_502795850,VAR_networkDialog_CLASS_HomeActivity_502795850,HAS_FIELD
CLASS_HomeActivity_502795850,VAR_webView_CLASS_HomeActivity_502795850,HAS_FIELD
CLASS_HomeActivity_502795850,VAR_homeNavigationView_CLASS_HomeActivity_502795850,HAS_FIELD
CLASS_HomeActivity_502795850,VAR_javaScriptInterface_CLASS_HomeActivity_502795850,HAS_FIELD
CLASS_HomeActivity_502795850,VAR_fullScreenVideoWebChromeClient_CLASS_HomeActivity_502795850,HAS_FIELD
CLASS_HomeActivity_502795850,VAR_mBluetoothStatusChangeReceiver_CLASS_HomeActivity_502795850,HAS_FIELD
CLASS_HomeActivity_502795850,VAR_mCustomViewCallback_CLASS_HomeActivity_502795850,HAS_FIELD
CLASS_HomeActivity_502795850,VAR_mOriginalOrientation_CLASS_HomeActivity_502795850,HAS_FIELD
CLASS_HomeActivity_502795850,VAR_mOriginalSystemUiVisibility_CLASS_HomeActivity_502795850,HAS_FIELD
CLASS_HomeActivity_502795850,VAR_mCustomView_CLASS_HomeActivity_502795850,HAS_FIELD
FILE_502795850,CLASS_FullScreenVideoWebChromeClient_502795850,CONTAINS
CLASS_FullScreenVideoWebChromeClient_502795850,CLASS_WebChromeClient,EXTENDS
CLASS_FullScreenVideoWebChromeClient_502795850,METHOD_onShowCustomView_CLASS_FullScreenVideoWebChromeClient_502795850,HAS_METHOD
CLASS_FullScreenVideoWebChromeClient_502795850,METHOD_onHideCustomView_CLASS_FullScreenVideoWebChromeClient_502795850,HAS_METHOD
CLASS_FullScreenVideoWebChromeClient_502795850,METHOD_onBackPressed_CLASS_FullScreenVideoWebChromeClient_502795850,HAS_METHOD
CLASS_FullScreenVideoWebChromeClient_502795850,VAR_mCustomViewCallback_CLASS_FullScreenVideoWebChromeClient_502795850,HAS_FIELD
CLASS_FullScreenVideoWebChromeClient_502795850,VAR_mOriginalOrientation_CLASS_FullScreenVideoWebChromeClient_502795850,HAS_FIELD
CLASS_FullScreenVideoWebChromeClient_502795850,VAR_mOriginalSystemUiVisibility_CLASS_FullScreenVideoWebChromeClient_502795850,HAS_FIELD
CLASS_FullScreenVideoWebChromeClient_502795850,VAR_mCustomView_CLASS_FullScreenVideoWebChromeClient_502795850,HAS_FIELD
FILE_204676947,IMPORTED_-1503993957,IMPORT
FILE_204676947,IMPORTED_-1124425936,IMPORT
FILE_204676947,IMPORTED_-1188128979,IMPORT
FILE_204676947,IMPORTED_66657567,IMPORT
FILE_204676947,IMPORTED_1815484335,IMPORT
FILE_204676947,IMPORTED_868115472,IMPORT
FILE_204676947,IMPORTED_1540240509,IMPORT
FILE_204676947,IMPORTED_-1505992646,IMPORT
FILE_204676947,IMPORTED_1558765019,IMPORT
FILE_204676947,IMPORTED_757141278,IMPORT
FILE_204676947,IMPORTED_535085908,IMPORT
FILE_204676947,IMPORTED_327177494,IMPORT
FILE_204676947,IMPORTED_1792139609,IMPORT
FILE_204676947,CLASS_NoNetworkDialog_204676947,CONTAINS
CLASS_NoNetworkDialog_204676947,CLASS_DialogFragment,EXTENDS
CLASS_NoNetworkDialog_204676947,METHOD_retry_CLASS_NoNetworkDialog_204676947,HAS_METHOD
CLASS_NoNetworkDialog_204676947,METHOD_onAttach_CLASS_NoNetworkDialog_204676947,HAS_METHOD
CLASS_NoNetworkDialog_204676947,METHOD_setRetryUrl_CLASS_NoNetworkDialog_204676947,HAS_METHOD
CLASS_NoNetworkDialog_204676947,METHOD_getRetryUrl_CLASS_NoNetworkDialog_204676947,HAS_METHOD
CLASS_NoNetworkDialog_204676947,METHOD_onCreateView_CLASS_NoNetworkDialog_204676947,HAS_METHOD
CLASS_NoNetworkDialog_204676947,METHOD_onViewCreated_CLASS_NoNetworkDialog_204676947,HAS_METHOD
CLASS_NoNetworkDialog_204676947,VAR_listener_CLASS_NoNetworkDialog_204676947,HAS_FIELD
CLASS_NoNetworkDialog_204676947,VAR_retryUrl_CLASS_NoNetworkDialog_204676947,HAS_FIELD
FILE_204676947,CLASS_Retry_204676947,CONTAINS
CLASS_Retry_204676947,METHOD_retry_CLASS_Retry_204676947,HAS_METHOD
FILE_-893730232,IMPORTED_-880360069,IMPORT
FILE_-893730232,IMPORTED_-1124425936,IMPORT
FILE_-893730232,IMPORTED_-194687853,IMPORT
FILE_-893730232,IMPORTED_-1188128979,IMPORT
FILE_-893730232,IMPORTED_1374462751,IMPORT
FILE_-893730232,IMPORTED_-1440200382,IMPORT
FILE_-893730232,IMPORTED_-353663774,IMPORT
FILE_-893730232,IMPORTED_360718126,IMPORT
FILE_-893730232,IMPORTED_1815484335,IMPORT
FILE_-893730232,IMPORTED_1583615229,IMPORT
FILE_-893730232,IMPORTED_670921973,IMPORT
FILE_-893730232,IMPORTED_-608274501,IMPORT
FILE_-893730232,IMPORTED_1540240509,IMPORT
FILE_-893730232,IMPORTED_-1733604612,IMPORT
FILE_-893730232,IMPORTED_1558765019,IMPORT
FILE_-893730232,IMPORTED_1958232501,IMPORT
FILE_-893730232,IMPORTED_-679955131,IMPORT
FILE_-893730232,IMPORTED_-207040303,IMPORT
FILE_-893730232,IMPORTED_382104138,IMPORT
FILE_-893730232,IMPORTED_1434927933,IMPORT
FILE_-893730232,IMPORTED_-783675922,IMPORT
FILE_-893730232,IMPORTED_-889567197,IMPORT
FILE_-893730232,IMPORTED_94222506,IMPORT
FILE_-893730232,IMPORTED_2145306267,IMPORT
FILE_-893730232,IMPORTED_272651280,IMPORT
FILE_-893730232,IMPORTED_576696077,IMPORT
FILE_-893730232,IMPORTED_2023444705,IMPORT
FILE_-893730232,IMPORTED_-1655490196,IMPORT
FILE_-893730232,IMPORTED_-1767605960,IMPORT
FILE_-893730232,IMPORTED_327177494,IMPORT
FILE_-893730232,IMPORTED_634854624,IMPORT
FILE_-893730232,IMPORTED_-237888949,IMPORT
FILE_-893730232,IMPORTED_663870722,IMPORT
FILE_-893730232,IMPORTED_1504674974,IMPORT
FILE_-893730232,IMPORTED_1711896774,IMPORT
FILE_-893730232,IMPORTED_-1098970127,IMPORT
FILE_-893730232,IMPORTED_2119949988,IMPORT
FILE_-893730232,IMPORTED_517984411,IMPORT
FILE_-893730232,IMPORTED_1792139609,IMPORT
FILE_-893730232,IMPORTED_443960878,IMPORT
FILE_-893730232,IMPORTED_-1288716138,IMPORT
FILE_-893730232,CLASS_QrActivity_-893730232,CONTAINS
CLASS_QrActivity_-893730232,CLASS_AppCompatActivity,EXTENDS
CLASS_QrActivity_-893730232,CLASS_QrCodeListener,IMPLEMENTS
CLASS_QrActivity_-893730232,CLASS_QrPublicKeyListener,IMPLEMENTS
CLASS_QrActivity_-893730232,METHOD_start_CLASS_QrActivity_-893730232,HAS_METHOD
CLASS_QrActivity_-893730232,METHOD_onCreate_CLASS_QrActivity_-893730232,HAS_METHOD
CLASS_QrActivity_-893730232,METHOD_configureView_CLASS_QrActivity_-893730232,HAS_METHOD
CLASS_QrActivity_-893730232,METHOD_configureClicks_CLASS_QrActivity_-893730232,HAS_METHOD
CLASS_QrActivity_-893730232,METHOD_fetchQrCode_CLASS_QrActivity_-893730232,HAS_METHOD
CLASS_QrActivity_-893730232,METHOD_configureQr_CLASS_QrActivity_-893730232,HAS_METHOD
CLASS_QrActivity_-893730232,METHOD_showQrFailureView_CLASS_QrActivity_-893730232,HAS_METHOD
CLASS_QrActivity_-893730232,METHOD_onRefreshClick_CLASS_QrActivity_-893730232,HAS_METHOD
CLASS_QrActivity_-893730232,METHOD_onScanClick_CLASS_QrActivity_-893730232,HAS_METHOD
CLASS_QrActivity_-893730232,METHOD_onDoneClick_CLASS_QrActivity_-893730232,HAS_METHOD
CLASS_QrActivity_-893730232,METHOD_onQrCodeFetched_CLASS_QrActivity_-893730232,HAS_METHOD
CLASS_QrActivity_-893730232,METHOD_showViews_CLASS_QrActivity_-893730232,HAS_METHOD
CLASS_QrActivity_-893730232,METHOD_configureScreen_CLASS_QrActivity_-893730232,HAS_METHOD
CLASS_QrActivity_-893730232,METHOD_configureTextViews_CLASS_QrActivity_-893730232,HAS_METHOD
CLASS_QrActivity_-893730232,METHOD_setImage_CLASS_QrActivity_-893730232,HAS_METHOD
CLASS_QrActivity_-893730232,METHOD_startTimer_CLASS_QrActivity_-893730232,HAS_METHOD
CLASS_QrActivity_-893730232,METHOD_onTick_CLASS_QrActivity_-893730232,HAS_METHOD
CLASS_QrActivity_-893730232,METHOD_onFinish_CLASS_QrActivity_-893730232,HAS_METHOD
CLASS_QrActivity_-893730232,METHOD_configureExpiryTime_CLASS_QrActivity_-893730232,HAS_METHOD
CLASS_QrActivity_-893730232,METHOD_onDestroy_CLASS_QrActivity_-893730232,HAS_METHOD
CLASS_QrActivity_-893730232,METHOD_convertDpToPixel_CLASS_QrActivity_-893730232,HAS_METHOD
CLASS_QrActivity_-893730232,METHOD_onFailure_CLASS_QrActivity_-893730232,HAS_METHOD
CLASS_QrActivity_-893730232,METHOD_checkQrStatus_CLASS_QrActivity_-893730232,HAS_METHOD
CLASS_QrActivity_-893730232,METHOD_onQrPublicKeyFetched_CLASS_QrActivity_-893730232,HAS_METHOD
CLASS_QrActivity_-893730232,METHOD_onPublicKeyFetchFailure_CLASS_QrActivity_-893730232,HAS_METHOD
CLASS_QrActivity_-893730232,VAR_qrCodeView_CLASS_QrActivity_-893730232,HAS_FIELD
CLASS_QrActivity_-893730232,VAR_progress_CLASS_QrActivity_-893730232,HAS_FIELD
CLASS_QrActivity_-893730232,VAR_nestedView_CLASS_QrActivity_-893730232,HAS_FIELD
CLASS_QrActivity_-893730232,VAR_qrExpiryView_CLASS_QrActivity_-893730232,HAS_FIELD
CLASS_QrActivity_-893730232,VAR_phoneView_CLASS_QrActivity_-893730232,HAS_FIELD
CLASS_QrActivity_-893730232,VAR_nameView_CLASS_QrActivity_-893730232,HAS_FIELD
CLASS_QrActivity_-893730232,VAR_qrTapToRefresh_CLASS_QrActivity_-893730232,HAS_FIELD
CLASS_QrActivity_-893730232,VAR_scanBtn_CLASS_QrActivity_-893730232,HAS_FIELD
CLASS_QrActivity_-893730232,VAR_refreshView_CLASS_QrActivity_-893730232,HAS_FIELD
CLASS_QrActivity_-893730232,VAR_COUNT_DOWN_INTERVAL_MILLISECONDS_CLASS_QrActivity_-893730232,HAS_FIELD
CLASS_QrActivity_-893730232,VAR_SECONDS_PER_DAY_CLASS_QrActivity_-893730232,HAS_FIELD
CLASS_QrActivity_-893730232,VAR_SECONDS_PER_HOUR_CLASS_QrActivity_-893730232,HAS_FIELD
CLASS_QrActivity_-893730232,VAR_SECONDS_PER_MINUTE_CLASS_QrActivity_-893730232,HAS_FIELD
CLASS_QrActivity_-893730232,VAR_timer_CLASS_QrActivity_-893730232,HAS_FIELD
CLASS_QrActivity_-893730232,VAR_bitMatrix_CLASS_QrActivity_-893730232,HAS_FIELD
CLASS_QrActivity_-893730232,VAR_isPublicKeyToBeFetched_CLASS_QrActivity_-893730232,HAS_FIELD
FILE_2025767988,IMPORTED_-1282791848,IMPORT
FILE_2025767988,IMPORTED_-1510049100,IMPORT
FILE_2025767988,IMPORTED_-1503993957,IMPORT
FILE_2025767988,IMPORTED_-1188128979,IMPORT
FILE_2025767988,IMPORTED_-1440200382,IMPORT
FILE_2025767988,IMPORTED_360718126,IMPORT
FILE_2025767988,IMPORTED_1815484335,IMPORT
FILE_2025767988,IMPORTED_1583615229,IMPORT
FILE_2025767988,IMPORTED_-1733604612,IMPORT
FILE_2025767988,IMPORTED_-1505992646,IMPORT
FILE_2025767988,IMPORTED_-1926333898,IMPORT
FILE_2025767988,IMPORTED_-1326095209,IMPORT
FILE_2025767988,IMPORTED_895787720,IMPORT
FILE_2025767988,IMPORTED_-1614622983,IMPORT
FILE_2025767988,IMPORTED_141732585,IMPORT
FILE_2025767988,IMPORTED_327177494,IMPORT
FILE_2025767988,IMPORTED_-1646954899,IMPORT
FILE_2025767988,IMPORTED_1906598162,IMPORT
FILE_2025767988,IMPORTED_-463512193,IMPORT
FILE_2025767988,IMPORTED_663870722,IMPORT
FILE_2025767988,IMPORTED_1504674974,IMPORT
FILE_2025767988,IMPORTED_-240999575,IMPORT
FILE_2025767988,IMPORTED_-1098970127,IMPORT
FILE_2025767988,IMPORTED_-886950348,IMPORT
FILE_2025767988,IMPORTED_1792139609,IMPORT
FILE_2025767988,IMPORTED_-760675604,IMPORT
FILE_2025767988,IMPORTED_-534286126,IMPORT
FILE_2025767988,IMPORTED_2031261358,IMPORT
FILE_2025767988,IMPORTED_65821278,IMPORT
FILE_2025767988,IMPORTED_535085908,IMPORT
FILE_2025767988,CLASS_SelectLanguageFragment_2025767988,CONTAINS
CLASS_SelectLanguageFragment_2025767988,CLASS_BottomSheetDialogFragment,EXTENDS
CLASS_SelectLanguageFragment_2025767988,METHOD_languageChange_CLASS_SelectLanguageFragment_2025767988,HAS_METHOD
CLASS_SelectLanguageFragment_2025767988,METHOD_showDialog_CLASS_SelectLanguageFragment_2025767988,HAS_METHOD
CLASS_SelectLanguageFragment_2025767988,METHOD_onAttach_CLASS_SelectLanguageFragment_2025767988,HAS_METHOD
CLASS_SelectLanguageFragment_2025767988,METHOD_onCreate_CLASS_SelectLanguageFragment_2025767988,HAS_METHOD
CLASS_SelectLanguageFragment_2025767988,METHOD_setupDialog_CLASS_SelectLanguageFragment_2025767988,HAS_METHOD
CLASS_SelectLanguageFragment_2025767988,METHOD_initViews_CLASS_SelectLanguageFragment_2025767988,HAS_METHOD
CLASS_SelectLanguageFragment_2025767988,METHOD_onNextClick_CLASS_SelectLanguageFragment_2025767988,HAS_METHOD
CLASS_SelectLanguageFragment_2025767988,METHOD_configureAdapter_CLASS_SelectLanguageFragment_2025767988,HAS_METHOD
CLASS_SelectLanguageFragment_2025767988,METHOD_configureSelectedPosition_CLASS_SelectLanguageFragment_2025767988,HAS_METHOD
CLASS_SelectLanguageFragment_2025767988,VAR_mAdapter_CLASS_SelectLanguageFragment_2025767988,HAS_FIELD
CLASS_SelectLanguageFragment_2025767988,VAR_mNext_CLASS_SelectLanguageFragment_2025767988,HAS_FIELD
CLASS_SelectLanguageFragment_2025767988,VAR_DIALOG_HEIGHT_RATIO_CLASS_SelectLanguageFragment_2025767988,HAS_FIELD
CLASS_SelectLanguageFragment_2025767988,VAR_mSelectedLanguagePosition_CLASS_SelectLanguageFragment_2025767988,HAS_FIELD
CLASS_SelectLanguageFragment_2025767988,VAR_mLanguageChangeListener_CLASS_SelectLanguageFragment_2025767988,HAS_FIELD
CLASS_SelectLanguageFragment_2025767988,VAR_TAG_CLASS_SelectLanguageFragment_2025767988,HAS_FIELD
FILE_2025767988,CLASS_LanguageChangeListener_2025767988,CONTAINS
CLASS_LanguageChangeListener_2025767988,METHOD_languageChange_CLASS_LanguageChangeListener_2025767988,HAS_METHOD
FILE_31921206,IMPORTED_-880360069,IMPORT
FILE_31921206,IMPORTED_-1124425936,IMPORT
FILE_31921206,IMPORTED_-194687853,IMPORT
FILE_31921206,IMPORTED_-1031444601,IMPORT
FILE_31921206,IMPORTED_-1049819082,IMPORT
FILE_31921206,IMPORTED_-407705298,IMPORT
FILE_31921206,IMPORTED_-1817271755,IMPORT
FILE_31921206,IMPORTED_2130072984,IMPORT
FILE_31921206,IMPORTED_-554642023,IMPORT
FILE_31921206,IMPORTED_-2010664371,IMPORT
FILE_31921206,IMPORTED_-1098970127,IMPORT
FILE_31921206,CLASS_CustomCaptureManager_31921206,CONTAINS
CLASS_CustomCaptureManager_31921206,CLASS_CaptureManager,EXTENDS
CLASS_CustomCaptureManager_31921206,METHOD_onResultFetched_CLASS_CustomCaptureManager_31921206,HAS_METHOD
CLASS_CustomCaptureManager_31921206,METHOD_returnResult_CLASS_CustomCaptureManager_31921206,HAS_METHOD
CLASS_CustomCaptureManager_31921206,METHOD_getBarcodeImagePath_CLASS_CustomCaptureManager_31921206,HAS_METHOD
CLASS_CustomCaptureManager_31921206,METHOD_setViewCaptureListener_CLASS_CustomCaptureManager_31921206,HAS_METHOD
CLASS_CustomCaptureManager_31921206,VAR_activity_CLASS_CustomCaptureManager_31921206,HAS_FIELD
CLASS_CustomCaptureManager_31921206,VAR_captureViewListener_CLASS_CustomCaptureManager_31921206,HAS_FIELD
FILE_31921206,CLASS_CaptureViewListener_31921206,CONTAINS
CLASS_CaptureViewListener_31921206,METHOD_onResultFetched_CLASS_CaptureViewListener_31921206,HAS_METHOD
FILE_-604762154,IMPORTED_-880360069,IMPORT
FILE_-604762154,IMPORTED_-1064589251,IMPORT
FILE_-604762154,IMPORTED_-1124425936,IMPORT
FILE_-604762154,IMPORTED_-1119770684,IMPORT
FILE_-604762154,IMPORTED_-1638003122,IMPORT
FILE_-604762154,IMPORTED_2073024383,IMPORT
FILE_-604762154,IMPORTED_1978937596,IMPORT
FILE_-604762154,IMPORTED_515858019,IMPORT
FILE_-604762154,IMPORTED_-1188128979,IMPORT
FILE_-604762154,IMPORTED_-1950620191,IMPORT
FILE_-604762154,IMPORTED_-1440200382,IMPORT
FILE_-604762154,IMPORTED_-2075766907,IMPORT
FILE_-604762154,IMPORTED_1815484335,IMPORT
FILE_-604762154,IMPORTED_952606330,IMPORT
FILE_-604762154,IMPORTED_-1185174573,IMPORT
FILE_-604762154,IMPORTED_670921973,IMPORT
FILE_-604762154,IMPORTED_1540240509,IMPORT
FILE_-604762154,IMPORTED_-1733604612,IMPORT
FILE_-604762154,IMPORTED_-1505992646,IMPORT
FILE_-604762154,IMPORTED_1548887762,IMPORT
FILE_-604762154,IMPORTED_1547975815,IMPORT
FILE_-604762154,IMPORTED_1095750994,IMPORT
FILE_-604762154,IMPORTED_-1817271755,IMPORT
FILE_-604762154,IMPORTED_94222506,IMPORT
FILE_-604762154,IMPORTED_272651280,IMPORT
FILE_-604762154,IMPORTED_1257034580,IMPORT
FILE_-604762154,IMPORTED_576696077,IMPORT
FILE_-604762154,IMPORTED_-1428405974,IMPORT
FILE_-604762154,IMPORTED_-507558155,IMPORT
FILE_-604762154,IMPORTED_327177494,IMPORT
FILE_-604762154,IMPORTED_1906598162,IMPORT
FILE_-604762154,IMPORTED_-967595780,IMPORT
FILE_-604762154,IMPORTED_-240999575,IMPORT
FILE_-604762154,IMPORTED_-1098970127,IMPORT
FILE_-604762154,IMPORTED_2119949988,IMPORT
FILE_-604762154,IMPORTED_517984411,IMPORT
FILE_-604762154,IMPORTED_1792139609,IMPORT
FILE_-604762154,IMPORTED_-602461537,IMPORT
FILE_-604762154,IMPORTED_90205868,IMPORT
FILE_-604762154,IMPORTED_843714430,IMPORT
FILE_-604762154,IMPORTED_1208648979,IMPORT
FILE_-604762154,IMPORTED_-850745628,IMPORT
FILE_-604762154,CLASS_CustomScannerActivity_-604762154,CONTAINS
CLASS_CustomScannerActivity_-604762154,CLASS_Activity,EXTENDS
CLASS_CustomScannerActivity_-604762154,CLASS_CaptureViewListener,IMPLEMENTS
CLASS_CustomScannerActivity_-604762154,METHOD_onCreate_CLASS_CustomScannerActivity_-604762154,HAS_METHOD
CLASS_CustomScannerActivity_-604762154,METHOD_configureViews_CLASS_CustomScannerActivity_-604762154,HAS_METHOD
CLASS_CustomScannerActivity_-604762154,METHOD_configureClicks_CLASS_CustomScannerActivity_-604762154,HAS_METHOD
CLASS_CustomScannerActivity_-604762154,METHOD_initCapture_CLASS_CustomScannerActivity_-604762154,HAS_METHOD
CLASS_CustomScannerActivity_-604762154,METHOD_configurePromptContainer_CLASS_CustomScannerActivity_-604762154,HAS_METHOD
CLASS_CustomScannerActivity_-604762154,METHOD_onGenerateQrClick_CLASS_CustomScannerActivity_-604762154,HAS_METHOD
CLASS_CustomScannerActivity_-604762154,METHOD_onStatusCloseClick_CLASS_CustomScannerActivity_-604762154,HAS_METHOD
CLASS_CustomScannerActivity_-604762154,METHOD_closeStausView_CLASS_CustomScannerActivity_-604762154,HAS_METHOD
CLASS_CustomScannerActivity_-604762154,METHOD_onCloseClick_CLASS_CustomScannerActivity_-604762154,HAS_METHOD
CLASS_CustomScannerActivity_-604762154,METHOD_onResume_CLASS_CustomScannerActivity_-604762154,HAS_METHOD
CLASS_CustomScannerActivity_-604762154,METHOD_onPause_CLASS_CustomScannerActivity_-604762154,HAS_METHOD
CLASS_CustomScannerActivity_-604762154,METHOD_onDestroy_CLASS_CustomScannerActivity_-604762154,HAS_METHOD
CLASS_CustomScannerActivity_-604762154,METHOD_onSaveInstanceState_CLASS_CustomScannerActivity_-604762154,HAS_METHOD
CLASS_CustomScannerActivity_-604762154,METHOD_onKeyDown_CLASS_CustomScannerActivity_-604762154,HAS_METHOD
CLASS_CustomScannerActivity_-604762154,METHOD_onResultFetched_CLASS_CustomScannerActivity_-604762154,HAS_METHOD
CLASS_CustomScannerActivity_-604762154,METHOD_hideStatusContainerAfterDelay_CLASS_CustomScannerActivity_-604762154,HAS_METHOD
CLASS_CustomScannerActivity_-604762154,METHOD_showPersonStatus_CLASS_CustomScannerActivity_-604762154,HAS_METHOD
CLASS_CustomScannerActivity_-604762154,METHOD_configureStatusText_CLASS_CustomScannerActivity_-604762154,HAS_METHOD
CLASS_CustomScannerActivity_-604762154,METHOD_setDescriptionText_CLASS_CustomScannerActivity_-604762154,HAS_METHOD
CLASS_CustomScannerActivity_-604762154,METHOD_showExpiredCode_CLASS_CustomScannerActivity_-604762154,HAS_METHOD
CLASS_CustomScannerActivity_-604762154,METHOD_showInvalidStatus_CLASS_CustomScannerActivity_-604762154,HAS_METHOD
CLASS_CustomScannerActivity_-604762154,METHOD_sendInvalidExceptionEvent_CLASS_CustomScannerActivity_-604762154,HAS_METHOD
CLASS_CustomScannerActivity_-604762154,METHOD_showCommonInvalidStatus_CLASS_CustomScannerActivity_-604762154,HAS_METHOD
CLASS_CustomScannerActivity_-604762154,METHOD_onRequestPermissionsResult_CLASS_CustomScannerActivity_-604762154,HAS_METHOD
CLASS_CustomScannerActivity_-604762154,METHOD_showPermissionAlert_CLASS_CustomScannerActivity_-604762154,HAS_METHOD
CLASS_CustomScannerActivity_-604762154,METHOD_openAppSettings_CLASS_CustomScannerActivity_-604762154,HAS_METHOD
CLASS_CustomScannerActivity_-604762154,VAR_capture_CLASS_CustomScannerActivity_-604762154,HAS_FIELD
CLASS_CustomScannerActivity_-604762154,VAR_barcodeScannerView_CLASS_CustomScannerActivity_-604762154,HAS_FIELD
CLASS_CustomScannerActivity_-604762154,VAR_statusContainer_CLASS_CustomScannerActivity_-604762154,HAS_FIELD
CLASS_CustomScannerActivity_-604762154,VAR_statusClose_CLASS_CustomScannerActivity_-604762154,HAS_FIELD
CLASS_CustomScannerActivity_-604762154,VAR_close_CLASS_CustomScannerActivity_-604762154,HAS_FIELD
CLASS_CustomScannerActivity_-604762154,VAR_desc_CLASS_CustomScannerActivity_-604762154,HAS_FIELD
CLASS_CustomScannerActivity_-604762154,VAR_descReason_CLASS_CustomScannerActivity_-604762154,HAS_FIELD
CLASS_CustomScannerActivity_-604762154,VAR_generateQr_CLASS_CustomScannerActivity_-604762154,HAS_FIELD
CLASS_CustomScannerActivity_-604762154,VAR_promptContainer_CLASS_CustomScannerActivity_-604762154,HAS_FIELD
FILE_-653045011,IMPORTED_-1282791848,IMPORT
FILE_-653045011,IMPORTED_-1503993957,IMPORT
FILE_-653045011,IMPORTED_29162307,IMPORT
FILE_-653045011,IMPORTED_1266565809,IMPORT
FILE_-653045011,IMPORTED_-194687853,IMPORT
FILE_-653045011,IMPORTED_-173616964,IMPORT
FILE_-653045011,IMPORTED_2084610170,IMPORT
FILE_-653045011,IMPORTED_482950728,IMPORT
FILE_-653045011,IMPORTED_1130832115,IMPORT
FILE_-653045011,IMPORTED_1516487585,IMPORT
FILE_-653045011,IMPORTED_-1354813790,IMPORT
FILE_-653045011,IMPORTED_351182940,IMPORT
FILE_-653045011,IMPORTED_1899509751,IMPORT
FILE_-653045011,IMPORTED_-1114099497,IMPORT
FILE_-653045011,IMPORTED_65821278,IMPORT
FILE_-653045011,CLASS_CustomViewFinderView_-653045011,CONTAINS
CLASS_CustomViewFinderView_-653045011,CLASS_ViewfinderView,EXTENDS
CLASS_CustomViewFinderView_-653045011,METHOD_setCameraPreview_CLASS_CustomViewFinderView_-653045011,HAS_METHOD
CLASS_CustomViewFinderView_-653045011,METHOD_previewSized_CLASS_CustomViewFinderView_-653045011,HAS_METHOD
CLASS_CustomViewFinderView_-653045011,METHOD_previewStarted_CLASS_CustomViewFinderView_-653045011,HAS_METHOD
CLASS_CustomViewFinderView_-653045011,METHOD_previewStopped_CLASS_CustomViewFinderView_-653045011,HAS_METHOD
CLASS_CustomViewFinderView_-653045011,METHOD_cameraError_CLASS_CustomViewFinderView_-653045011,HAS_METHOD
CLASS_CustomViewFinderView_-653045011,METHOD_refreshSizes_CLASS_CustomViewFinderView_-653045011,HAS_METHOD
CLASS_CustomViewFinderView_-653045011,METHOD_onDraw_CLASS_CustomViewFinderView_-653045011,HAS_METHOD
CLASS_CustomViewFinderView_-653045011,METHOD_drawViewfinder_CLASS_CustomViewFinderView_-653045011,HAS_METHOD
CLASS_CustomViewFinderView_-653045011,METHOD_drawResultBitmap_CLASS_CustomViewFinderView_-653045011,HAS_METHOD
CLASS_CustomViewFinderView_-653045011,METHOD_addPossibleResultPoint_CLASS_CustomViewFinderView_-653045011,HAS_METHOD
CLASS_CustomViewFinderView_-653045011,VAR_TAG_CLASS_CustomViewFinderView_-653045011,HAS_FIELD
CLASS_CustomViewFinderView_-653045011,VAR_SCANNER_ALPHA_CLASS_CustomViewFinderView_-653045011,HAS_FIELD
CLASS_CustomViewFinderView_-653045011,VAR_ANIMATION_DELAY_CLASS_CustomViewFinderView_-653045011,HAS_FIELD
CLASS_CustomViewFinderView_-653045011,VAR_CURRENT_POINT_OPACITY_CLASS_CustomViewFinderView_-653045011,HAS_FIELD
CLASS_CustomViewFinderView_-653045011,VAR_MAX_RESULT_POINTS_CLASS_CustomViewFinderView_-653045011,HAS_FIELD
CLASS_CustomViewFinderView_-653045011,VAR_POINT_SIZE_CLASS_CustomViewFinderView_-653045011,HAS_FIELD
CLASS_CustomViewFinderView_-653045011,VAR_paint_CLASS_CustomViewFinderView_-653045011,HAS_FIELD
CLASS_CustomViewFinderView_-653045011,VAR_resultBitmap_CLASS_CustomViewFinderView_-653045011,HAS_FIELD
CLASS_CustomViewFinderView_-653045011,VAR_maskColor_CLASS_CustomViewFinderView_-653045011,HAS_FIELD
CLASS_CustomViewFinderView_-653045011,VAR_resultColor_CLASS_CustomViewFinderView_-653045011,HAS_FIELD
CLASS_CustomViewFinderView_-653045011,VAR_laserColor_CLASS_CustomViewFinderView_-653045011,HAS_FIELD
CLASS_CustomViewFinderView_-653045011,VAR_resultPointColor_CLASS_CustomViewFinderView_-653045011,HAS_FIELD
CLASS_CustomViewFinderView_-653045011,VAR_scannerAlpha_CLASS_CustomViewFinderView_-653045011,HAS_FIELD
CLASS_CustomViewFinderView_-653045011,VAR_possibleResultPoints_CLASS_CustomViewFinderView_-653045011,HAS_FIELD
CLASS_CustomViewFinderView_-653045011,VAR_lastPossibleResultPoints_CLASS_CustomViewFinderView_-653045011,HAS_FIELD
CLASS_CustomViewFinderView_-653045011,VAR_cameraPreview_CLASS_CustomViewFinderView_-653045011,HAS_FIELD
CLASS_CustomViewFinderView_-653045011,VAR_framingRect_CLASS_CustomViewFinderView_-653045011,HAS_FIELD
CLASS_CustomViewFinderView_-653045011,VAR_previewFramingRect_CLASS_CustomViewFinderView_-653045011,HAS_FIELD
